Site Ref,Site Name,Description,Customer,Postcode,Town,Latitude,Longitude
GB-LCL-A0354,[,Alfen 22kW,Believ (EV),E11 1NH,Waltham Forest,51.572829,0.011289
ACE0493314,[ACE0493314] Gosport: No. 2 Battery West Car Park - Fast CPs / ACE0493314 / PO12 2QX,Alfen 22kW,Believ (EV),PO12 2QX,Gosport,50.78646,-1.16816
Demo,[Demo] ,,Believ (EV),,,,
FA-00005067,[FA-00005067] No. 2 Battery West Car Park - Fast CPs,Alfen 22kW,Believ (EV),PO12 2QX,Gosport,50.78646,-1.16816
FA-00005075,[FA-00005075] Ipswich: Ashley Street / 24290361 / IP2 8DT,,Believ (EV),IP2 8DT,Ipswich,52.04849311,1.15371636
FA-00005090,[FA-00005090] Ealing: 1 Drayton Road / 24290394 / W13 0LD,,Believ (EV),W13 0LD,Ealing,51.51600218,-0.32272162
FA-00010947,[FA-00010947] Forest Gate: 27 Lawrence Road / 24450330 / GB-LCL-A2903 / E13 0QD,,Believ (EV),E13 0QD,Forest Gate,51.53620737,0.02803805
GB-LCL-2845,[GB-LCL-2845] Newham: 38 Chadd Grn / 24480190 / E13 0NJ,Etrel 22kW,Believ (EV),E13 0NJ,Newham,51.533788,0.020626
GB-LCL-A0004,[GB-LCL-A0004] Croydon: 3-9 Fox Hill / ACE0136578 / SE19 2UJ,Alfen 7kW,Believ (EV),SE19 2UJ,Croydon,51.415594,-0.080613
GB-LCL-A0005,[GB-LCL-A0005] 3-9 Fox Hill,Alfen 7kW,Believ (EV),SE19 2UJ,Croydon,51.415594,-0.080613
GB-LCL-A0006,[GB-LCL-A0006] Croydon: 83 Howberry Road / ACE0136606 / CR7 8HZ,Alfen 7kW,Believ (EV),CR7 8HZ,Croydon,51.409737,-0.095576
GB-LCL-A0007,[GB-LCL-A0007] Croydon: 83 Howberry Road / ACE0136571 / CR7 8HZ,Alfen 7kW,Believ (EV),CR7 8HZ,Croydon,51.409737,-0.095576
GB-LCL-A0008,[GB-LCL-A0008] Croydon: 112 Kilmartin Road / ACE0136607 / SW16 4RE,Alfen 7kW,Believ (EV),SW16 4RE,Croydon,51.404618,-0.11238569
GB-LCL-A0012,[GB-LCL-A0012] Croydon: 144 Northborough Road / ACE0136584 / SW16 4AZ,Alfen 7kW,Believ (EV),SW16 4AZ,Croydon,51.40636,-0.126341
GB-LCL-A0013,[GB-LCL-A0013] Croydon: 144 Northborough Road / ACE0136620 / SW16 4AZ,Alfen 7kW,Believ (EV),SW16 4AZ,Croydon,51.40636,-0.126341
GB-LCL-A0017,[GB-LCL-A0017] Croydon: Blakemore Road / ACE0136605 / CR7 6DD,Alfen 7kW,Believ (EV),CR7 6DD,Croydon,51.394858,-0.120093
GB-LCL-A0018,[GB-LCL-A0018] Croydon: 117-157 Ecclesbourne Road / ACE0136586 / CR7 7BR,Alfen 7kW,Believ (EV),CR7 7BR,Croydon,51.3936389,-0.10368397
GB-LCL-A0019,[GB-LCL-A0019] Croydon: 117-157 Ecclesbourne Road / ACE0136617 / CR7 7BR,Alfen 7kW,Believ (EV),CR7 7BR,Croydon,51.3936389,-0.10368397
GB-LCL-A0020,[GB-LCL-A0020] Croydon: Upper Grove / ACE0136585 / SE25 6JU,Alfen 7kW,Believ (EV),SE25 6JU,Croydon,51.396955,-0.081455
GB-LCL-A0021,[GB-LCL-A0021] Croydon: Upper Grove / ACE0136608 / SE25 6JU,Alfen 7kW,Believ (EV),SE25 6JU,Croydon,51.396955,-0.081455
GB-LCL-A0022,[GB-LCL-A0022] Croydon: 21 Cobden Road / ACE0136591 / SE25 5NY,Alfen 7kW,Believ (EV),SE25 5NY,Croydon,51.39168,-0.066843
GB-LCL-A0023,[GB-LCL-A0023] 129 Beckford Road,Alfen 7kW,Believ (EV),CR0 6HZ,Croydon,51.388869,-0.07679963
GB-LCL-A0026,[GB-LCL-A0026] Croydon: 137 Sundridge Road / ACE0136592 / CR0 6LZ,Alfen 7kW,Believ (EV),CR0 6LZ,Croydon,51.382083,-0.0769979
GB-LCL-A0028,[GB-LCL-A0028] Croydon: 1 Outram Road / ACE0136597 / CR0 6SP,Alfen 7kW,Believ (EV),CR0 6SP,Croydon,51.37532,-0.0764192
GB-LCL-A0029,[GB-LCL-A0029] Croydon: 1 Outram Road / ACE0136611 / CR0 6SP,Alfen 7kW,Believ (EV),CR0 6SP,Croydon,51.37532,-0.0764192
GB-LCL-A0030,[GB-LCL-A0030] Croydon: 18-2 Lower Road / ACE0136614 / CR8 2DT,Alfen 7kW,Believ (EV),CR8 2DT,Croydon,51.329781,-0.10849873
GB-LCL-A0032,[GB-LCL-A0032] Frimley Close,Alfen 7kW,Believ (EV),CR0 0QZ,Croydon,51.350631,-0.015104
GB-LCL-A0033,[GB-LCL-A0033] Croydon: Frimley Close / ACE0136580 / CR0 0QZ,Alfen 7kW,Believ (EV),CR0 0QZ,Croydon,51.350631,-0.015104
GB-LCL-A0034,[GB-LCL-A0034] Croydon: 74 Bramble Close / ACE0136574 / CR0 8JL,Alfen 7kW,Believ (EV),CR0 8JL,Croydon,51.365416,-0.027056
GB-LCL-A0035,[GB-LCL-A0035] Croydon: 74 Bramble Close / ACE0136621 / CR0 8JL,Alfen 7kW,Believ (EV),CR0 8JL,Croydon,51.365416,-0.027056
GB-LCL-A0036,[GB-LCL-A0036] Croydon: 2 Marlborough Road / ACE0136570 / CR2 6JD,Alfen 7kW,Believ (EV),CR2 6JD,Croydon,51.35412,-0.101506
GB-LCL-A0037,[GB-LCL-A0037] Croydon: 2 Marlborough Road / ACE0136609,Alfen 7kW,Believ (EV),CR2 6JD,Croydon,51.35412,-0.101506
GB-LCL-A0040,[GB-LCL-A0040] Croydon: 1 Kemble Road / ACE0136587 / CR0 4JQ,Alfen 7kW,Believ (EV),CR0 4JQ,Croydon,51.371894,-0.11241008
GB-LCL-A0041,[GB-LCL-A0041] Croydon: 1 Kemble Road / ACE0136612 / CR0 4JQ,Alfen 7kW,Believ (EV),CR0 4JQ,Croydon,51.371894,-0.11241008
GB-LCL-A0048,[GB-LCL-A0048] Croydon: 34-24 Elmgrove Road / ACE0136596 / CR0 7EP,Alfen 7kW,Believ (EV),CR0 7EP,Croydon,51.38225,-0.063906
GB-LCL-A0049,[GB-LCL-A0049] Croydon: 34-24 Elmgrove Road / ACE0136610 / CR0 7EP,Alfen 7kW,Believ (EV),CR0 7EP,Croydon,51.38225,-0.063906
GB-LCL-A0051,[GB-LCL-A0051] Hammersmith & Fulham: Woolneigh Street / ACE0158161 / SW6 3AX,Alfen 22kW,Believ (EV),SW6 3AX,Hammersmith & Fulham,51.469195,-0.19112863
GB-LCL-A0052,[GB-LCL-A0052] Hammersmith & Fulham: Delvino Road / ACE0158146 / SW6 4AF,Alfen 22kW,Believ (EV),SW6 4AF,Hammersmith & Fulham,51.47435761,-0.19781285
GB-LCL-A0053,[GB-LCL-A0053] Agate Road,Alfen 22kW,Believ (EV),W6 0AJ,Hammersmith & Fulham,51.49720553,-0.22817854
GB-LCL-A0054,[GB-LCL-A0054] Hammersmith & Fulham: 13-39 Rosedew Road / ACE0158587 / W6 9ET,Alfen 22kW,Believ (EV),W6 9ET,Hammersmith & Fulham,51.48490851,-0.22241888
GB-LCL-A0055,[GB-LCL-A0055] Brackenbury Gardens,Alfen 22kW,Believ (EV),W6 0BE,Hammersmith & Fulham,51.50043,-0.23210721
GB-LCL-A0056,[GB-LCL-A0056] Hammersmith & Fulham: 137 Sherbrooke Road / ACE0158159 / SW6 6BZ,Alfen 22kW,Believ (EV),SW6 6BZ,Hammersmith & Fulham,51.47981063,-0.21129232
GB-LCL-A0057,"[GB-LCL-A0057] Waltham Forest: Pretoria Road, Chingford / ACE0166145 / E4 7EL",Alfen 22kW,Believ (EV),E4 7EL,Waltham Forest,51.630024,0.000965
GB-LCL-A0060,[GB-LCL-A0060] Scotts Road,Alfen 22kW,Believ (EV),W12 8BQ,Hammersmith & Fulham,51.5028725,-0.232598
GB-LCL-A0062,[GB-LCL-A0062] Hammersmith & Fulham: Halford Road / ACE0197252 / SW6 1JY,Alfen 22kW,Believ (EV),SW6 1JY,Hammersmith & Fulham,51.48424554,-0.19709466
GB-LCL-A0063,[GB-LCL-A0063] Benbow Road (by Brackenbury Road),Alfen 22kW,Believ (EV),W6 0AU,Hammersmith & Fulham,51.499787,-0.23177192
GB-LCL-A0064,[GB-LCL-A0064] Hammersmith & Fulham: Cresford Road / ACE0158160 / SW6 2AH,Alfen 22kW,Believ (EV),SW6 2AH,Hammersmith & Fulham,51.475805,-0.191109
GB-LCL-A0065,[GB-LCL-A0065] Benbow Road (by Hammersmith Grove),Alfen 22kW,Believ (EV),W6 0NL,Hammersmith & Fulham,51.500338,-0.22837916
GB-LCL-A0066,[GB-LCL-A0066] Hammersmith & Fulham: Vereker Road / ACE0158586 / W14 9HA,Alfen 22kW,Believ (EV),W14 9HA,Hammersmith & Fulham,51.487622,-0.20820261
GB-LCL-A0067,[GB-LCL-A0067] Wandsworth: Nevis Road / ACE0158157 / SW17 7QL,Alfen 22kW,Believ (EV),SW17 7QL,Wandsworth,51.441063,-0.158523
GB-LCL-A0068,[GB-LCL-A0068] Wandsworth: Nevis Road / ACE0158163 / SW17 7QL,Alfen 22kW,Believ (EV),SW17 7QL,Wandsworth,51.441063,-0.158523
GB-LCL-A0069,[GB-LCL-A0069] Wandsworth: 2 Gatwick Road / ACE0158156 / SW18 5UE,Alfen 22kW,Believ (EV),SW18 5UE,Wandsworth,51.448242,-0.204169
GB-LCL-A0076,[GB-LCL-A0076] Wandsworth: 164 Longley Road / ACE0158147 / SW17 9LQ,Alfen 22kW,Believ (EV),SW17 9LQ,Wandsworth,51.420081,0.16243333
GB-LCL-A0077,[GB-LCL-A0077] Wandsworth: 164 Longley Road / ACE0158162 / SW17 9LQ,Alfen 22kW,Believ (EV),SW17 9LQ,Wandsworth,51.420081,0.16243333
GB-LCL-A0078,[GB-LCL-A0078] Wandsworth: Esmond Street / ACE0158151,Alfen 22kW,Believ (EV),SW15 2LG,Wandsworth,51.462307,-0.21112
GB-LCL-A0079,[GB-LCL-A0079] Wandsworth: Esmond Street / ACE0158154 / SW15 2LG,Alfen 22kW,Believ (EV),SW15 2LG,Wandsworth,51.462307,-0.21112
GB-LCL-A0082,[GB-LCL-A0082] Hammersmith & Fulham: Vespan Road / ACE0158169 / W12 9QP,Alfen 22kW,Believ (EV),W12 9QP,Hammersmith & Fulham,51.504067,-0.242238
GB-LCL-A0085,[GB-LCL-A0085] Croydon: 2 Haling Park Road / ACE0136589 / CR2 6NE,Alfen 7kW,Believ (EV),CR2 6NE,Croydon,51.357712,-0.098674
GB-LCL-A0086,[GB-LCL-A0086] Croydon: 2 Haling Park Road / ACE0136619 / CR2 6NE,Alfen 7kW,Believ (EV),CR2 6NE,Croydon,51.357712,-0.098674
GB-LCL-A0089,[GB-LCL-A0089] Croydon: 18-2 Lower Road / ACE0136573 / CR8 2DT,Alfen 7kW,Believ (EV),CR8 2DT,Croydon,51.329781,-0.10849873
GB-LCL-A0090,[GB-LCL-A0090] Waltham Forest: 1-19 Larkswood Road / ACE0166128 / E4 9DY,Alfen 22kW,Believ (EV),E4 9DY,Waltham Forest,51.615057,-0.016845
GB-LCL-A0091,[GB-LCL-A0091] Waltham Forest: Hitcham Road / ACE0422399 / E10 7NQ,Alfen 22kW,Believ (EV),E10 7NQ,Waltham Forest,51.5692,-0.029651
GB-LCL-A0092,[GB-LCL-A0092] Waltham Forest: Hitcham Road / ACE0166172,Alfen 22kW,Believ (EV),E10 7NQ,Waltham Forest,51.5692,-0.029651
GB-LCL-A0093,[GB-LCL-A0093] Gosport Road / Markhouse,Alfen 22kW,Believ (EV),E17 7NZ,Waltham Forest,51.58115101,-0.02744172
GB-LCL-A0094,[GB-LCL-A0094] Waltham Forest: Gosport Road / Markhouse / ACE0166129 / E17 7NZ,Alfen 22kW,Believ (EV),E17 7NZ,Waltham Forest,51.58115101,-0.02744172
GB-LCL-A0095,[GB-LCL-A0095] Northampton: 1 Oakwood Rd / ACE0241556 / NN2 7HE,Alfen 22kW,Believ (EV),NN2 7HE,Northampton,52.253345,-0.876198
GB-LCL-A0096,[GB-LCL-A0096] Northampton: 1 Oakwood Rd / ACE0241555 / NN2 7HE,Alfen 22kW,Believ (EV),NN2 7HE,Northampton,52.253345,-0.876198
GB-LCL-A0099,[GB-LCL-A0099] Northampton: 127 Upper Thrift Street / ACE0241524 / NN1 5HR,Alfen 22kW,Believ (EV),NN1 5HR,Northampton,52.238713,-0.876164
GB-LCL-A0100,[GB-LCL-A0100] Northampton: 127 Upper Thrift St / ACE0241533 / NN1 5HR,Alfen 22kW,Believ (EV),NN1 5HR,Northampton,52.238713,-0.876164
GB-LCL-A0101,[GB-LCL-A0101] Northampton: Vicarage Road / ACE0241528 / NN5 7AX,Alfen 22kW,Believ (EV),NN5 7AX,Northampton,52.242517,-0.917393
GB-LCL-A0102,[GB-LCL-A0102] Northampton: Vicarage Road / ACE0241534 / NN5 7AX,Alfen 22kW,Believ (EV),NN5 7AX,Northampton,52.242517,-0.917393
GB-LCL-A0103,[GB-LCL-A0103] Northampton : 55 Semilong Road / ACE0241520 / NN2 6BU,Alfen 22kW,Believ (EV),NN2 6BU,Northampton ,52.247624,-0.900267
GB-LCL-A0105,[GB-LCL-A0105] Northampton: Opposite 88 St James Park Road / ACE0241553 / NN5 5EL,Alfen 22kW,Believ (EV),NN5 5EL,Northampton,52.239516,-0.910608
GB-LCL-A0106,[GB-LCL-A0106] Northampton: Opposite 88 St James Park Road / ACE0241536 / NN5 5EL,Alfen 22kW,Believ (EV),NN5 5EL,Northampton,52.239516,-0.910608
GB-LCL-A0109,[GB-LCL-A0109] Wellingborough: Opposite 22 Castle Road / ACE0241531 / NN8 1LL,Alfen 22kW,Believ (EV),NN8 1LL,Wellingborough,52.2997643,-0.6869464
GB-LCL-A0110,[GB-LCL-A0110] Wellingborough: Opposite 22 Castle Road Castle Road / ACE0241518 / NN8 1LL,Alfen 22kW,Believ (EV),NN8 1LL,Wellingborough,52.2997643,-0.6869464
GB-LCL-A0111,[GB-LCL-A0111] Rushden: 11-27 Newman St / Higham Ferrers / ACE0241538 / NN10 8JP,Alfen 22kW,Believ (EV),NN10 8JP,Rushden,52.313251,-0.590462
GB-LCL-A0112,[GB-LCL-A0112] Rushden: 11-27 Newman St / Higham Ferrers / ACE0241535 / NN10 8JP,Alfen 22kW,Believ (EV),NN10 8JP,Rushden,52.313251,-0.590462
GB-LCL-A0113,[GB-LCL-A0113] Kettering: 57 Highfield Rd / Thrapston / ACE0241532 / NN14 4PG,Alfen 22kW,Believ (EV),NN14 4PG,Kettering,52.399592,-0.527857
GB-LCL-A0114,[GB-LCL-A0114] Kettering: 57 Highfield Rd / Thrapston / ACE0241521 / NN14 4PG,Alfen 22kW,Believ (EV),NN14 4PG,Kettering,52.399592,-0.527857
GB-LCL-A0115,[GB-LCL-A0115] Keterring: 9 Linnell Way / ACE0241557 / NN16 8PS,Alfen 22kW,Believ (EV),NN16 8PS,Keterring,52.410021,-0.740299
GB-LCL-A0116,[GB-LCL-A0116] Kettering: 9 Linnell Way / ACE0241517 / NN16 8PS,Alfen 22kW,Believ (EV),NN16 8PS,Kettering,52.410021,-0.740299
GB-LCL-A0117,[GB-LCL-A0117] Kettering: 27 Telford Way / ACE0241537 / NN16 8UW,Alfen 22kW,Believ (EV),NN16 8UW,Kettering,52.406807,-0.743834
GB-LCL-A0118,[GB-LCL-A0118] Northampton: Barry Road / ACE0241550 / NN1 5HU,Alfen 22kW,Believ (EV),NN1 5HU,Northampton,52.239377,-0.872254
GB-LCL-A0119,[GB-LCL-A0119] Northampton: Barry Road / ACE0241560 / NN1 5HU,Alfen 22kW,Believ (EV),NN1 5HU,Northampton,52.239377,-0.872254
GB-LCL-A0120,[GB-LCL-A0120] Kettering: 27 Telford Way / ACE0241558 / NN16 8UW,Alfen 22kW,Believ (EV),NN16 8UW,Kettering,52.406807,-0.743834
GB-LCL-A0121,[GB-LCL-A0121] Hammersmith & Fulham: 46 Margravine Road,Alfen 22kW,Believ (EV),W6 8HA,Hammersmith & Fulham,51.48760617,-0.21822051
GB-LCL-A0122,[GB-LCL-A0122] Hammersmith & Fulham: 7 Paddenswick Road,Alfen 22kW,Believ (EV),W6 0UA,Hammersmith & Fulham,51.496998,-0.235587
GB-LCL-A0123,[GB-LCL-A0123] Hammersmith & Fulham: Lena Gardens / ACE0261300 / W6 7PD,Alfen 22kW,Believ (EV),W6 7PD,Hammersmith & Fulham,51.4985129,-0.22267678
GB-LCL-A0125,[GB-LCL-A0125] Hammersmith & Fulham: Dunsany Road,Alfen 22kW,Believ (EV),W14 0ES,Hammersmith & Fulham,51.499107,-0.220511
GB-LCL-A0126,[GB-LCL-A0126] Hammersmith & Fulham: Caithness Road / ACE0261325 / W14 0JD,Alfen 22kW,Believ (EV),W14 0JD,Hammersmith & Fulham,51.496211,-0.21891
GB-LCL-A0127,[GB-LCL-A0127] Northampton: 40-28 Ardington Road / ACE0261275 / NN1 5NE,Alfen 22kW,Believ (EV),NN1 5NE,Northampton,52.244001,-0.86909
GB-LCL-A0128,[GB-LCL-A0128] Northampton: 40-28 Ardington Road / ACE0261240 / NN1 5NE,Alfen 22kW,Believ (EV),NN1 5NE,Northampton,52.244001,-0.86909
GB-LCL-A0129,[GB-LCL-A0129] Wellingborough : Knox Road / ACE0261251 / NN8 1JA,Alfen 22kW,Believ (EV),NN8 1JA,Wellingborough ,52.302717,-0.684032
GB-LCL-A0130,[GB-LCL-A0130] Wellingborough: Knox Road / ACE0261257 / NN8 1JA,Alfen 22kW,Believ (EV),NN8 1JA,Wellingborough,52.302717,-0.684032
GB-LCL-A0131,[GB-LCL-A0131] Hammersmith & Fulham: 13 Shinfield Street,Alfen 22kW,Believ (EV),W12 0HN,Hammersmith & Fulham,51.516896,-0.225714
GB-LCL-A0132,[GB-LCL-A0132] Hammersmith & Fulham: Rockley Road / ACE0261306 / W12 8QZ,Alfen 22kW,Believ (EV),W12 8QZ,Hammersmith & Fulham,51.503436,-0.220499
GB-LCL-A0133,[GB-LCL-A0133] Hammersmith & Fulham: 21 Kenmont Gardens / ACE0261296 / NW10 6BT,Alfen 22kW,Believ (EV),NW10 6BT,Hammersmith & Fulham,51.531522,-0.234499
GB-LCL-A0134,[GB-LCL-A0134] Wandsworth: 63 St. Johns Avenue / ACE0261292 / SW15 6AL,Alfen 22kW,Believ (EV),SW15 6AL,Wandsworth,51.45976,-0.22201
GB-LCL-A0135,[GB-LCL-A0135] Wandsworth: 63 St. Johns Avenue / ACE0261286,Alfen 22kW,Believ (EV),SW15 6AL,Wandsworth,51.45976,-0.22201
GB-LCL-A0136,[GB-LCL-A0136] Wandsworth: o/s 43 Carlton Drive / ACE0261287 / SW15 2DG,Alfen 22kW,Believ (EV),SW15 2DG,Wandsworth,51.45775,-0.2177
GB-LCL-A0137,[GB-LCL-A0137] Wandsworth: o/s 43 Carlton Drive / ACE0261291 / SW15 2DG,Alfen 22kW,Believ (EV),SW15 2DG,Wandsworth,51.45775,-0.2177
GB-LCL-A0138,[GB-LCL-A0138] Wandsworth: 11 Keswick Road / ACE0261317 / SW15 2HZ,Alfen 22kW,Believ (EV),SW15 2HZ,Wandsworth,51.457465,-0.210795
GB-LCL-A0139,[GB-LCL-A0139] Wandsworth: 11 Keswick Road / ACE0261303 / SW15 2HZ,Alfen 22kW,Believ (EV),SW15 2HZ,Wandsworth,51.457465,-0.210795
GB-LCL-A0140,[GB-LCL-A0140] Wandsworth: 212 Cowick Road A / ACE0158172,Alfen 22kW,Believ (EV),SW17 8HL,Wandsworth,51.4286549,-0.15981
GB-LCL-A0141,[GB-LCL-A0141] Wandsworth: 212 Cowick Road A / ACE0261322 / SW17 8HL,Alfen 22kW,Believ (EV),SW17 8HL,Wandsworth,51.4286549,-0.15981
GB-LCL-A0142,[GB-LCL-A0142] Wandsworth: Lavenham Road / ACE0261280 / SW18 5EP,Alfen 22kW,Believ (EV),SW18 5EP,Wandsworth,51.44285,-0.197877
GB-LCL-A0143,[GB-LCL-A0143] Hammersmith & Fulham: 1 Wingate Road / ACE0261314 / W12 8ER,Alfen 22kW,Believ (EV),W12 8ER,Hammersmith & Fulham,51.50010047,-0.23604183
GB-LCL-A0144,[GB-LCL-A0144] Hammersmith & Fulham: Becklow Road / ACE0261304 / W12 9ER,Alfen 22kW,Believ (EV),W12 9ER,Hammersmith & Fulham,51.50570438,-0.2417392
GB-LCL-A0145,[GB-LCL-A0145] Rushden: 29 York Road / ACE0261250 / NN10 0RF,Alfen 22kW,Believ (EV),NN10 0RF,Rushden,52.287313,-0.593469
GB-LCL-A0146,[GB-LCL-A0146] Rushden: 29 York Road / ACE0261271 / NN10 0RF,Alfen 22kW,Believ (EV),NN10 0RF,Rushden,52.287313,-0.593469
GB-LCL-A0147,[GB-LCL-A0147] Hammersmith & Fulham: 118-120 Colehill Lane /  ACE0261324 / SW6 5EJ,Alfen 22kW,Believ (EV),SW6 5EJ,Hammersmith & Fulham,51.47431156,-0.21296674
GB-LCL-A0148,[GB-LCL-A0148] Hammersmith & Fulham: Bowfell Road / ACE0261321 / SW6 6LP,Alfen 22kW,Believ (EV),SW6 6LP,Hammersmith & Fulham,51.48450427,-0.22268543
GB-LCL-A0149,[GB-LCL-A0149] Hammersmith & Fulham: Breer Street / ACE0166164 /  SW6 3HF,Alfen 22kW,Believ (EV),SW6 3HF,Hammersmith & Fulham,51.46658814,-0.19016258
GB-LCL-A0150,[GB-LCL-A0150] Hammersmith & Fulham: 23-22 Hythe Road,Alfen 22kW,Believ (EV),NW10 6RT,Hammersmith & Fulham,51.528666,-0.244313
GB-LCL-A0151,[GB-LCL-A0151] Hammersmith & Fulham: 1 Trenmar Gardens / ACE0261318 / NW10 6BD,Alfen 22kW,Believ (EV),NW10 6BD,Hammersmith & Fulham,51.531184,-0.232611
GB-LCL-A0152,[GB-LCL-A0152] Wandsworth: Lavenham Road / ACE0166116 / SW18 5EP,Alfen 22kW,Believ (EV),SW18 5EP,Wandsworth,51.44285,-0.197877
GB-LCL-A0153,[GB-LCL-A0153] Hammersmith & Fulham: Caverswall Street / ACE0261316 / W12 0HT,Alfen 22kW,Believ (EV),W12 0HT,Hammersmith & Fulham,51.518324,-0.227509
GB-LCL-A0154,[GB-LCL-A0154] Croydon: 30 Dagnall Park / ACE0136622 / SE25 5PH,Alfen 7kW,Believ (EV),SE25 5PH,Croydon,51.391341,-0.089756
GB-LCL-A0155,[GB-LCL-A0155] Croydon: 30 Dagnall Park / ACE0136594 / SE25 5PH,Alfen 7kW,Believ (EV),SE25 5PH,Croydon,51.391341,-0.089756
GB-LCL-A0156,[GB-LCL-A0156] Croydon: Opp. 54 Ross Road / ACE0165856 / SE25 6SB,Alfen 7kW,Believ (EV),SE25 6SB,Croydon,51.403975,-0.08546
GB-LCL-A0158,[GB-LCL-A0158] Croydon: 58-54 Brook Road / ACE0165859 / CR7 7RT,Alfen 7kW,Believ (EV),CR7 7RT,Croydon,51.399661,-0.103842
GB-LCL-A0161,[GB-LCL-A0161] Croydon: St. Saviours Road / ACE0165862 / CR0 2XF,Alfen 7kW,Believ (EV),CR0 2XF,Croydon,51.388089,-0.105069
GB-LCL-A0162,[GB-LCL-A0162] Croydon: 80-2 Arundel Road / ACE0189197 / CR0 2EP,Alfen 7kW,Believ (EV),CR0 2EP,Croydon,51.387389,-0.095418
GB-LCL-A0163,[GB-LCL-A0163] Croydon: 4 Stonecroft Way / ACE0165863 / CR0 3DH,Alfen 7kW,Believ (EV),CR0 3DH,Croydon,51.387601,-0.128244
GB-LCL-A0164,[GB-LCL-A0164] Croydon: Opp. 139 Bynes Road / ACE0136595 / CR2 0PS,Alfen 7kW,Believ (EV),CR2 0PS,Croydon,51.352185,-0.095552
GB-LCL-A0165,[GB-LCL-A0165] Croydon: 71 Birdhurst Rise / ACE0165854 / CR2 7EJ,Alfen 7kW,Believ (EV),CR2 7EJ,Croydon,51.362317,-0.090329
GB-LCL-A0166,[GB-LCL-A0166] Croydon: Abingdon Road / ACE0165853 / SW16 4QR,Alfen 7kW,Believ (EV),SW16 4QR,Croydon,51.409489,-0.129034
GB-LCL-A0167,[GB-LCL-A0167] Hammersmith & Fulham: Settrington Road / ACE0166178 / SW6 3AP,Alfen 22kW,Believ (EV),SW6 3AP,Hammersmith & Fulham,51.46988676,-0.19258946
GB-LCL-A0168,[GB-LCL-A0168] Wandsworth: Ballingdon Rd / ACE0166227 / SW11 6AJ,Alfen 22kW,Believ (EV),SW11 6AJ,Wandsworth,51.454107,-0.15879
GB-LCL-A0169,[GB-LCL-A0169] Wandsworth: 117 Bolingbroke Grove / ACE0261254 / SW11 1DA,Alfen 22kW,Believ (EV),SW11 1DA,Wandsworth,51.459114,-0.170898
GB-LCL-A0170,[GB-LCL-A0170] Wandsworth: 117 Bolingbroke Grove / ACE026123 / SW11 1DA,,Believ (EV),SW11 1DA,Wandsworth,51.459114,-0.170898
GB-LCL-A0171,[GB-LCL-A0171] Wandsworth: Lurline Gardens / ACE0261276 / SW11 4DP,Alfen 22kW,Believ (EV),SW11 4DP,Wandsworth,51.477191,-0.148617
GB-LCL-A0172,[GB-LCL-A0172] Wandsworth: Lurline Gardens / ACE0261238 / SW11 4DP,Alfen 22kW,Believ (EV),SW11 4DP,Wandsworth,51.477191,-0.148617
GB-LCL-A0173,[GB-LCL-A0173] Wandsworth: Alderbrook Road,Alfen 22kW,Believ (EV),SW12 8AF,Wandsworth,51.452612,-0.151499
GB-LCL-A0173,[GB-LCL-A0173] Wandsworth: Alderbrook Road / ACE0261237 / SW12 8AF,Alfen 22kW,Believ (EV),SW12 8AF,Wandsworth,51.452612,-0.151499
GB-LCL-A0174,[GB-LCL-A0174] Alderbrook Road,Alfen 22kW,Believ (EV),SW12 8AF,Wandsworth,51.452612,-0.151499
GB-LCL-A0174,[GB-LCL-A0174] Wandsworth: Alderbrook Road / ACE0261256 / SW12 8AF,Alfen 22kW,Believ (EV),SW12 8AF,Wandsworth,51.452612,-0.151499
GB-LCL-A0175,[GB-LCL-A0175] Wandsworth: Havelock Terrace / ACE0261266 / SW8 4AT,Alfen 22kW,Believ (EV),SW8 4AT,Wandsworth,51.477089,-0.14388
GB-LCL-A0176,[GB-LCL-A0176] Wandsworth: Havelock Terrace / ACE0261245 / SW8 4AT,Alfen 22kW,Believ (EV),SW8 4AT,Wandsworth,51.477089,-0.14388
GB-LCL-A0177,[GB-LCL-A0177] Wandsworth: Spalding Road / ACE0189168,Alfen 22kW,Believ (EV),SW17 9BW,Wandsworth,51.424283,-0.150297
GB-LCL-A0178,[GB-LCL-A0178] Wandsworth: Spalding Road / ACE0261241 / SW17 9BW,Alfen 22kW,Believ (EV),SW17 9BW,Wandsworth,51.424283,-0.150297
GB-LCL-A0179,[GB-LCL-A0179] Wandsworth: Smallwood Road / ACE0261239 / SW17 0TN,Alfen 22kW,Believ (EV),SW17 0TN,Wandsworth,51.430871,-0.178259
GB-LCL-A0180,[GB-LCL-A0180] Wandsworth: Smallwood Road / ACE0261243 / SW17 0TN,Alfen 22kW,Believ (EV),SW17 0TN,Wandsworth,51.430871,-0.178259
GB-LCL-A0181,[GB-LCL-A0181] Wandsworth: Quinton Street / ACE0261269 / SW18 3QT,Alfen 22kW,Believ (EV),SW18 3QT,Wandsworth,51.439447,-0.1835
GB-LCL-A0182,[GB-LCL-A0182] Wandsworth: Quinton Street / ACE0261235 / SW18 3QT,Alfen 22kW,Believ (EV),SW18 3QT,Wandsworth,51.439447,-0.1835
GB-LCL-A0183,[GB-LCL-A0183] Wandsworth: Cardinal Plac,Alfen 22kW,Believ (EV),SW15 1NX,Wandsworth,51.464402,-0.21803
GB-LCL-A0183,[GB-LCL-A0183] Wandsworth: Cardinal Place,Alfen 22kW,Believ (EV),SW15 1NX,Wandsworth,51.464402,-0.21803
GB-LCL-A0183,[GB-LCL-A0183] Wandsworth: Cardinal Place / ACE0261274 / SW15 1NX,Alfen 22kW,Believ (EV),SW15 1NX,Wandsworth,51.464402,-0.21803
GB-LCL-A0184,[GB-LCL-A0184] Wandsworth: Cardinal Plac,Alfen 22kW,Believ (EV),SW15 1NX,Wandsworth,51.464402,-0.21803
GB-LCL-A0184,[GB-LCL-A0184] Wandsworth: Cardinal Place,Alfen 22kW,Believ (EV),SW15 1NX,Wandsworth,51.464402,-0.21803
GB-LCL-A0184,[GB-LCL-A0184] Wandsworth: Cardinal Place / ACE0261236 / SW15 1NX,Alfen 22kW,Believ (EV),SW15 1NX,Wandsworth,51.464402,-0.21803
GB-LCL-A0206,[GB-LCL-A0206] Croydon: Opp. 2 Dixon Road / ACE0189189 / SE25 6TZ,Alfen 7kW,Believ (EV),SE25 6TZ,Croydon,51.400403,-0.080149
GB-LCL-A0207,[GB-LCL-A0207] Croydon: Dickensons Lane / ACE0189196 / SE25 5HS,Alfen 7kW,Believ (EV),SE25 5HS,Croydon,51.387885,-0.069908
GB-LCL-A0208,[GB-LCL-A0208] Croydon: The Drive / ACE0189209 / CR7 8LA,Alfen 7kW,Believ (EV),CR7 8LA,Croydon,51.399115,-0.093276
GB-LCL-A0209,[GB-LCL-A0209] Corby: 81 Burghley Drive / ACE0261277 / NN18 8EB,Alfen 22kW,Believ (EV),NN18 8EB,Corby,52.48206,-0.694166
GB-LCL-A0244,[GB-LCL-A0244] Kettering: 80-24 Pollard Street / ACE0261270 / NN16 9RP,Alfen 22kW,Believ (EV),NN16 9RP,Kettering,52.408702,-0.724496
GB-LCL-A0248,[GB-LCL-A0248] Northamptonshire North: Opposite 4 Kingsley Avenue / ACE0261247 / NN16 9AQ,Alfen 22kW,Believ (EV),NN16 9AQ,Northamptonshire North,52.4119622,-0.7295187
GB-LCL-A0249,[GB-LCL-A0249] Kettering: Opposite 4 Kingsley Avenue / ACE0241516 / NN16 9AQ,Alfen 22kW,Believ (EV),NN16 9AQ,Kettering,52.4119622,-0.7295187
GB-LCL-A0250,[GB-LCL-A0250] Opp. 66 Montagu Street,Alfen 22kW,Believ (EV),NN16 8SE,Northamptonshire North,52.402023,-0.720648
GB-LCL-A0252,[GB-LCL-A0252] Opp. 66 Montagu Street,Alfen 22kW,Believ (EV),NN16 8SE,Northamptonshire North,52.402023,-0.720648
GB-LCL-A0253,[GB-LCL-A0253] Kettering: 76-70 Rockingham Road / ACE0241539 / NN16 9AA,Alfen 22kW,Believ (EV),NN16 9AA,Kettering,52.405438,-0.726867
GB-LCL-A0255,[GB-LCL-A0255] Northamptonshire North: 76-70 Rockingham Road / ACE0241519 / NN16 9AA,Alfen 22kW,Believ (EV),NN16 9AA,Northamptonshire North,52.405438,-0.726867
GB-LCL-A0260,[GB-LCL-A0260] Croydon: Abingdon Road / ACE0189202 / SW16 4QR,Alfen 7kW,Believ (EV),SW16 4QR,Croydon,51.409489,-0.129034
GB-LCL-A0261,[GB-LCL-A0261] Hammersmith & Fulham: Pennard Road / ACE0166147 / W12 8LJ,Alfen 22kW,Believ (EV),W12 8LJ,Hammersmith & Fulham,51.505153,-0.225694
GB-LCL-A0262,[GB-LCL-A0262] Hammersmith & Fulham: Opposite 1 Foxglove Street / ACE0166136 / W12 0QB,Alfen 22kW,Believ (EV),W12 0QB,Hammersmith & Fulham,51.51277,-0.246604
GB-LCL-A0263,[GB-LCL-A0263] Hammersmith & Fulham: Halsbury Road / ACE0166137 / W12 0JR,Alfen 22kW,Believ (EV),W12 0JR,Hammersmith & Fulham,51.508146,-0.235559
GB-LCL-A0264,[GB-LCL-A0264] Hammersmith & Fulham: Ellerslie Road / ACE0166162 / W12 7BW,Alfen 22kW,Believ (EV),W12 7BW,Hammersmith & Fulham,51.508466,-0.230812
GB-LCL-A0266,[GB-LCL-A0266] De Morgan Road,Alfen 22kW,Believ (EV),SW6 2PE,Hammersmith & Fulham,51.46844971,-0.18953551
GB-LCL-A0267,[GB-LCL-A0267] Stanmer Street,Alfen 22kW,Believ (EV),SW11 3EG,Wandsworth,51.473295,-0.167439
GB-LCL-A0268,[GB-LCL-A0268] Wandsworth: Shuttleworth Road / ACE0261249 / SW11 3DY,Alfen 22kW,Believ (EV),SW11 3DY,Wandsworth,51.472663,-0.172834
GB-LCL-A0269,[GB-LCL-A0269] Wandsworth: Shuttleworth Road / ACE0261258 / SW11 3DY,Alfen 22kW,Believ (EV),SW11 3DY,Wandsworth,51.472663,-0.172834
GB-LCL-A0270,[GB-LCL-A0270] Croydon: 80-2 Arundel Road / ACE0165865 / CR0 2EP,Alfen 7kW,Believ (EV),CR0 2EP,Croydon,51.387389,-0.095418
GB-LCL-A0271,[GB-LCL-A0271] Croydon: Dickensons Lane / ACE0189193 / SE25 5HS,Alfen 7kW,Believ (EV),SE25 5HS,Croydon,51.387885,-0.069908
GB-LCL-A0272,[GB-LCL-A0272] Croydon: Opp. 54 Ross Road / ACE0189200 / SE25 6SB,Alfen 7kW,Believ (EV),SE25 6SB,Croydon,51.403975,-0.08546
GB-LCL-A0273,[GB-LCL-A0273] Croydon: Opp. 15 Stretton Road / ACE0189188 / CR0 6ES,Alfen 7kW,Believ (EV),CR0 6ES,Croydon,51.384326,-0.085646
GB-LCL-A0274,[GB-LCL-A0274] Croydon: Opp. 15 Stretton Road / ACE0189208 / CR0 6ES,Alfen 7kW,Believ (EV),CR0 6ES,Croydon,51.384326,-0.085646
GB-LCL-A0275,[GB-LCL-A0275] Corby: 81 Burghley Drive / ACE0261242 / NN18 8EB,Alfen 22kW,Believ (EV),NN18 8EB,Corby,52.48206,-0.694166
GB-LCL-A0277,[GB-LCL-A0277] Hammersmith & Fulham: Wulfstan Street / ACE0189179 / W12 0AU,Alfen 22kW,Believ (EV),W12 0AU,Hammersmith & Fulham,51.519112,-0.248524
GB-LCL-A0278,[GB-LCL-A0278] Wandsworth: Birchwood Roa,Alfen 22kW,Believ (EV),SW17 9BQ,Wandsworth,51.426966,-0.152579
GB-LCL-A0278,[GB-LCL-A0278] Wandsworth: Birchwood Road / ACE0189349,Alfen 22kW,Believ (EV),SW17 9BQ,Wandsworth,51.426966,-0.152579
GB-LCL-A0278,[GB-LCL-A0278] Wandsworth: Birchwood Road / ACE0189349 / SW17 9BQ,Alfen 22kW,Believ (EV),SW17 9BQ,Wandsworth,51.426966,-0.152579
GB-LCL-A0279,[GB-LCL-A0279] Wandsworth: Birchwood Roa,Alfen 22kW,Believ (EV),SW17 9BQ,Wandsworth,51.426966,-0.152579
GB-LCL-A0279,[GB-LCL-A0279] Wandsworth: Birchwood Road,Alfen 22kW,Believ (EV),SW17 9BQ,Wandsworth,51.426966,-0.152579
GB-LCL-A0279,[GB-LCL-A0279] Wandsworth: Birchwood Road / ACE0189332 / SW17 9BQ,Alfen 22kW,Believ (EV),SW17 9BQ,Wandsworth,51.426966,-0.152579
GB-LCL-A0280,[GB-LCL-A0280] Croydon: 39A Woodville Road / ACE0165851 / CR7 8LN,Alfen 7kW,Believ (EV),CR7 8LN,Croydon,51.400291,-0.096671
GB-LCL-A0283,[GB-LCL-A0283] 129 Beckford Road,Alfen 7kW,Believ (EV),CR0 6HZ,Croydon,51.388869,-0.07679963
GB-LCL-A0285,[GB-LCL-A0285] Waltham Forest: Opp 91 Marten Road / ACE0189335 / E17 4NL,Alfen 22kW,Believ (EV),E17 4NL,Waltham Forest,51.596735,-0.01659437
GB-LCL-A0286,[GB-LCL-A0286] Waltham Forest: Opp 2-14 Victoria Road / ACE0189323 / E17 4JU,Alfen 22kW,Believ (EV),E17 4JU,Waltham Forest,51.59411,-0.007646
GB-LCL-A0287,"[GB-LCL-A0287] Waltham Forest: 4 Farnan Ave, Walthamstow / London / E17 4NX / ACE0189313",Alfen 22kW,Believ (EV),E17 4NX,Waltham Forest,51.590249,-0.015412
GB-LCL-A0288,[GB-LCL-A0288] Hollydown Way / London,Alfen 22kW,Believ (EV),E11 4YD,Waltham Forest,51.559649,0.002216
GB-LCL-A0289,[GB-LCL-A0289] Waltham Forest: 65-113 Crownfield Rd / ACE0189352 / E15 2BG,Alfen 22kW,Believ (EV),E15 2BG,Waltham Forest,51.55218,0.001306
GB-LCL-A0291,[GB-LCL-A0291] 61 Carnarvon Rd / London,Alfen 22kW,Believ (EV),E10 6DL,Waltham Forest,51.579183,-0.003192
GB-LCL-A0292,[GB-LCL-A0292] Waltham Forest: 97 Nottingham Rd / Leyton / E10 6EP / ACE0189315,Alfen 22kW,Believ (EV),E10 6EP,Waltham Forest,51.577547,-0.001398
GB-LCL-A0293,[GB-LCL-A0293] Waltham Forest: 1 Clyde Place / ACE0189317 / E10 5AS,Alfen 22kW,Believ (EV),E10 5AS,Waltham Forest,51.570592,-0.015553
GB-LCL-A0294,[GB-LCL-A0294] Waltham Forest: 6 Fillebrook Rd / ACE0261255 / E11 4AP,Alfen 7kW,Believ (EV),E11 4AP,Waltham Forest,51.567324,0.004165
GB-LCL-A0295,"[GB-LCL-A0295] 15 Norman Rd, Leytonstone / London",Alfen 22kW,Believ (EV),E11 4PX,Waltham Forest,51.56133,0.003007
GB-LCL-A0296,[GB-LCL-A0296] Lavender Road 2,Alfen 22kW,Believ (EV),SW11 2BN,Wandsworth,51.46729,-0.175666
GB-LCL-A0297,[GB-LCL-A0297] Wandsworth: Lavender Road / ACE0189342,Alfen 22kW,Believ (EV),SW11 2BN,Wandsworth,51.46729,-0.175666
GB-LCL-A0298,[GB-LCL-A0298] Wandsworth: Patten Road / ACE0189210 / SW18 3RH,Alfen 22kW,Believ (EV),SW18 3RH,Wandsworth,51.448111,-0.171747
GB-LCL-A0299,[GB-LCL-A0299] Croydon: Opp. 150 Buller Road / ACE0189206 / CR7 8QY,Alfen 7kW,Believ (EV),CR7 8QY,Croydon,51.40479535,-0.09349416
GB-LCL-A0300,[GB-LCL-A0300] Croydon: Dornton Road / ACE0136615 / CR2 7DR,Alfen 7kW,Believ (EV),CR2 7DR,Croydon,51.361455,-0.090375
GB-LCL-A0301,[GB-LCL-A0301] Addison Gardens,Alfen 22kW,Believ (EV),W14 0DP,Hammersmith & Fulham,51.50165111,-0.21599931
GB-LCL-A0302,[GB-LCL-A0302] Stanmer Street,Alfen 22kW,Believ (EV),SW11 3EG,Wandsworth,51.473295,-0.167439
GB-LCL-A0303,[GB-LCL-A0303] Croydon: 50-30 Crowther Road / ACE0165852 / SE25 5QP,Alfen 7kW,Believ (EV),SE25 5QP,Croydon,51.395884,-0.072382
GB-LCL-A0304,[GB-LCL-A0304] Croydon: 50-30 Crowther Road / ACE0165860 / SE25 5QP,Alfen 7kW,Believ (EV),SE25 5QP,Croydon,51.395884,-0.072382
GB-LCL-A0305,[GB-LCL-A0305] Croydon: Southern Avenue / ACE0165861 / SE25 6AQ,Alfen 7kW,Believ (EV),SE25 6AQ,Croydon,51.401751,-0.07764
GB-LCL-A0306,[GB-LCL-A0306] Hammersmith & Fulham: 69 Sundew Avenue / ACE0197211 / W12 0RR,Alfen 22kW,Believ (EV),W12 0RR,Hammersmith & Fulham,51.513794,-0.239647
GB-LCL-A0307,[GB-LCL-A0307] Croydon: Whytecliffe Road South / ACE0236132 / CR8 2AX,Alfen 7kW,Believ (EV),CR8 2AX,Croydon,51.339566,-0.113259
GB-LCL-A0308,[GB-LCL-A0308] Croydon: Whytecliffe Road South / ACE0236397 / CR8 2AX,Alfen 7kW,Believ (EV),CR8 2AX,Croydon,51.339566,-0.113259
GB-LCL-A0309,[GB-LCL-A0309] Croydon: Leslie Park Road / ACE0236133 / CR0 6UW,Alfen 7kW,Believ (EV),CR0 6UW,Croydon,51.379331,-0.085511
GB-LCL-A0311,[GB-LCL-A0311] Croydon: 15 Jesmond Road / ACE0236135 / CR0 6JR,Alfen 7kW,Believ (EV),CR0 6JR,Croydon,51.38421534,-0.07816
GB-LCL-A0312,[GB-LCL-A0312] Croydon: 15 Jesmond Road / ACE0236396 / CR0 6JR,Alfen 7kW,Believ (EV),CR0 6JR,Croydon,51.38421534,-0.07816
GB-LCL-A0313,[GB-LCL-A0313] Croydon: The Drive / ACE0236140 / CR7 8LA,Alfen 7kW,Believ (EV),CR7 8LA,Croydon,51.399115,-0.093276
GB-LCL-A0314,[GB-LCL-A0314] Croydon: Vincent Road / ACE0236401 / CR5 3BE,Alfen 7kW,Believ (EV),CR5 3BE,Croydon,51.31897962,-0.14900837
GB-LCL-A0315,[GB-LCL-A0315] Croydon: Vincent Road / ACE0236136 / CR5 3BE,Alfen 7kW,Believ (EV),CR5 3BE,Croydon,51.31897962,-0.14900837
GB-LCL-A0316,[GB-LCL-A0316] Croydon: Opp. 150 Buller Road / ACE0236128 / CR7 8QY,Alfen 7kW,Believ (EV),CR7 8QY,Croydon,51.40479535,-0.09349416
GB-LCL-A0317,[GB-LCL-A0317] Croydon: Derby Road / ACE0236134,Alfen 7kW,Believ (EV),CR0 3SD,Croydon,51.377851,-0.10708
GB-LCL-A0318,[GB-LCL-A0318] Croydon: Derby Road / ACE0236405 / CR0 3SD,Alfen 7kW,Believ (EV),CR0 3SD,Croydon,51.377851,-0.10708
GB-LCL-A0319,[GB-LCL-A0319] 610 Mitcham Road,Alfen 7kW,Believ (EV),CR0 3AA,Croydon,51.388847,-0.12914
GB-LCL-A0320,[GB-LCL-A0320] Croydon: 610 Mitcham Road / ACE0236399 / CR0 3AA,Alfen 7kW,Believ (EV),CR0 3AA,Croydon,51.388847,-0.12914
GB-LCL-A0321,[GB-LCL-A0321] Croydon: Albert Road / ACE0236138 / SE25 4RN,Alfen 7kW,Believ (EV),SE25 4RN,Croydon,51.390885,-0.06065
GB-LCL-A0321,[GB-LCL-A0321] Croydon: Albert Road / Croydon,Alfen 7kW,Believ (EV),SE25 4RN,Croydon,51.390885,-0.06065
GB-LCL-A0321,[GB-LCL-A0321] Croydon: Albert Road / Croydon1,Alfen 7kW,Believ (EV),SE25 4RN,Croydon,51.390885,-0.06065
GB-LCL-A0322,[GB-LCL-A0322] Croydon: Albert Road / ACE0236400 / SE25 4RN,Alfen 7kW,Believ (EV),SE25 4RN,Croydon,51.390885,-0.06065
GB-LCL-A0322,[GB-LCL-A0322] Croydon: Albert Road / Croydon,Alfen 7kW,Believ (EV),SE25 4RN,Croydon,51.390885,-0.06065
GB-LCL-A0322,[GB-LCL-A0322] Croydon: Albert Road / Croydon / Believ,Alfen 7kW,Believ (EV),SE25 4RN,Croydon,51.390885,-0.06065
GB-LCL-A0323,[GB-LCL-A0323] Croydon: Southern Avenue / ACE0236131 / SE25 6AQ,Alfen 7kW,Believ (EV),SE25 6AQ,Croydon,51.401751,-0.07764
GB-LCL-A0324,[GB-LCL-A0324] Croydon: Opp. 2 Dixon Road / ACE0236403 / SE25 6TZ,Alfen 7kW,Believ (EV),SE25 6TZ,Croydon,51.400403,-0.080149
GB-LCL-A0326,[GB-LCL-A0326] Hammersmith & Fulham: 24 Buer Road / ACE0197236 / SW6 4LA,"Alfen 22kW
",Believ (EV),SW6 4LA,Hammersmith & Fulham,51.47069278,-0.2093073
GB-LCL-A0329,[GB-LCL-A0329] Cheltenham Road,Alfen 22kW,Believ (EV),E10 6AZ,Waltham Forest,51.574311,-0.008492
GB-LCL-A0329,[GB-LCL-A0329] Waltham Forest: Cheltenham Road,Alfen 22kW,Believ (EV),E10 6AZ,Waltham Forest,51.574311,-0.008492
GB-LCL-A0329,[GB-LCL-A0329] Waltham Forest: Cheltenham Road / Believ,Alfen 22kW,Believ (EV),E10 6AZ,Waltham Forest,51.574311,-0.008492
GB-LCL-A0330,[GB-LCL-A0330] Cheltenham Road,Alfen 22kW,Believ (EV),E10 6AZ,Waltham Forest,51.574311,-0.008492
GB-LCL-A0330,[GB-LCL-A0330] Waltham Forest: Cheltenham Road,Alfen 22kW,Believ (EV),E10 6AZ,Waltham Forest,51.574311,-0.008492
GB-LCL-A0330,[GB-LCL-A0330] Waltham Forest: Cheltenham Road / Believ,Alfen 22kW,Believ (EV),E10 6AZ,Waltham Forest,51.574311,-0.008492
GB-LCL-A0331,[GB-LCL-A0331] Elmore Road,Alfen 22kW,Believ (EV),E11 4EP,Waltham Forest,51.557048,0.003516
GB-LCL-A0332,[GB-LCL-A0332] Elmore Road,Alfen 22kW,Believ (EV),E11 4EP,Waltham Forest,51.557048,0.003516
GB-LCL-A0333,[GB-LCL-A0333] Creffield Road,Alfen 22kW,Believ (EV),W5 3HN,Ealing,51.511801,-0.2911
GB-LCL-A0334,[GB-LCL-A0334] Creffield Road,Alfen 22kW,Believ (EV),W5 3HN,Ealing,51.511801,-0.2911
GB-LCL-A0336,[GB-LCL-A0336] Waltham Forest: Westbury Road / ACE0422376 / E17 6RN,Alfen 22kW,Believ (EV),E17 6RN,Waltham Forest,51.586259,-0.023637
GB-LCL-A0337,[GB-LCL-A0337] Waltham Forest: Westbury Road / ACE0422396 / E17 6RN,Alfen 22kW,Believ (EV),E17 6RN,Waltham Forest,51.586259,-0.023637
GB-LCL-A0341,[GB-LCL-A0341] Waltham Forest: Tavistock Ave / ACE0422366 / E17 6HP,Alfen 22kW,Believ (EV),E17 6HP,Waltham Forest,51.589078,-0.037865
GB-LCL-A0342,[GB-LCL-A0342] Waltham Forest: Tavistock Avenue / ACE0197233 / E17 6HP,Alfen 22kW,Believ (EV),E17 6HP,Waltham Forest,51.589078,-0.037865
GB-LCL-A0343,[GB-LCL-A0343] Waltham Forest: Parkhurst Road / ACE0166113 / E17 7EG,Alfen 22kW,Believ (EV),E17 7EG,Waltham Forest,51.584108,-0.032504
GB-LCL-A0344,[GB-LCL-A0344] Sylvan Rd,Alfen 22kW,Believ (EV),E17 7QR,Waltham Forest,51.581657,-0.021349
GB-LCL-A0345,[GB-LCL-A0345] Waltham Forest: Lynmouth Road / ACE0422372 / E17 8AD,Alfen 22kW,Believ (EV),E17 8AD,Waltham Forest,51.579522,-0.033191
GB-LCL-A0346,[GB-LCL-A0346] Ealing: Havelock Road / ACE0422373,Alfen 22kW,Believ (EV),UB2 4GE,Ealing,51.500926,-0.382304
GB-LCL-A0347,[GB-LCL-A0347] Ealing: Havelock Road / ACE0422353 / UB2 4GE,Alfen 22kW,Believ (EV),UB2 4GE,Ealing,51.500926,-0.382304
GB-LCL-A0348,[GB-LCL-A0348] Waltham Forest: Courtenay Road,Alfen 22kW,Believ (EV),E17 6LY,Waltham Forest,51.583507,-0.039979
GB-LCL-A0348,[GB-LCL-A0348] Waltham Forest: Courtenay Road / ACE0422379 / E17 6LY,Alfen 22kW,Believ (EV),E17 6LY,Waltham Forest,51.583507,-0.039979
GB-LCL-A0348,[GB-LCL-A0348] Waltham Forest: Courtenay Road / Believ,Alfen 22kW,Believ (EV),E17 6LY,Waltham Forest,51.583507,-0.039979
GB-LCL-A0349,[GB-LCL-A0349] Waltham Forest: Copeland Road,Alfen 22kW,Believ (EV),E17 9DB,Waltham Forest,51.578467,-0.011606
GB-LCL-A0349,[GB-LCL-A0349] Waltham Forest: Copeland Road / ACE0422397 / E17 9DB,Alfen 22kW,Believ (EV),E17 9DB,Waltham Forest,51.578467,-0.011606
GB-LCL-A0349,[GB-LCL-A0349] Waltham Forest: Copeland Road / Believ,Alfen 22kW,Believ (EV),E17 9DB,Waltham Forest,51.578467,-0.011606
GB-LCL-A0350,[GB-LCL-A0350] Waltham Forest: Copeland Road,Alfen 22kW,Believ (EV),E17 9DB,Waltham Forest,51.578467,-0.011606
GB-LCL-A0350,[GB-LCL-A0350] Waltham Forest: Copeland Road / ACE0422352 / E17 9DB,Alfen 22kW,Believ (EV),E17 9DB,Waltham Forest,51.578467,-0.011606
GB-LCL-A0350,[GB-LCL-A0350] Waltham Forest: Copeland Road / Believ,Alfen 22kW,Believ (EV),E17 9DB,Waltham Forest,51.578467,-0.011606
GB-LCL-A0351,[GB-LCL-A0351] Waltham Forest: Napier Road / ACE0422381 / E11 3PS,Alfen 22kW,Believ (EV),E11 3PS,Waltham Forest,51.55809113,-0.00946596
GB-LCL-A0352,[GB-LCL-A0352] Napier Road,Alfen 22kW,Believ (EV),E11 3PS,Waltham Forest,51.55809113,-0.00946596
GB-LCL-A0353,[GB-LCL-A0353] Waltham Forest: Ashbridge Road,Alfen 22kW,Believ (EV),E11 1NH,Waltham Forest,51.572829,0.011289
GB-LCL-A0353,[GB-LCL-A0353] Waltham Forest: Ashbridge Road / ACE0422345 / E11 1NH,Alfen 22kW,Believ (EV),E11 1NH,Waltham Forest,51.572829,0.011289
GB-LCL-A0353,[GB-LCL-A0353] Waltham Forest: Ashbridge Road / Believ,Alfen 22kW,Believ (EV),E11 1NH,Waltham Forest,51.572829,0.011289
GB-LCL-A0354,[GB-LCL-A0354] Waltham Forest: Ashbridge Road,Alfen 22kW,Believ (EV),E11 1NH,Waltham Forest,51.572829,0.011289
GB-LCL-A0354,[GB-LCL-A0354] Waltham Forest: Ashbridge Road / Believ,Alfen 22kW,Believ (EV),E11 1NH,Waltham Forest,51.572829,0.011289
GB-LCL-A0355,[GB-LCL-A0355] Yardely Lane,"Alfen 22kW
",Believ (EV),E4 7RS,Waltham Forest,51.641521,-0.01084
GB-LCL-A0356,[GB-LCL-A0356] Waltham Forest: Studley Avenue / ACE0422362,Alfen 22kW,Believ (EV),E4 9PS,Waltham Forest,51.605035,-0.000369
GB-LCL-A0357,[GB-LCL-A0357] Waltham Forest: Ferndale Avenue / ACE0422377 / E17 9EE,Alfen 22kW,Believ (EV),E17 9EE,Waltham Forest,51.581543,-0.001171
GB-LCL-A0358,[GB-LCL-A0358] Waltham Forest: Central Avenue,Alfen 22kW,Believ (EV),E11 4DJ,Waltham Forest,51.562063,-0.000341
GB-LCL-A0358,[GB-LCL-A0358] Waltham Forest: Central Avenue / ACE0166111 / E11 4DJ,Alfen 22kW,Believ (EV),E11 4DJ,Waltham Forest,51.562063,-0.000341
GB-LCL-A0358,[GB-LCL-A0358] Waltham Forest: Central Avenue / Believ,Alfen 22kW,Believ (EV),E11 4DJ,Waltham Forest,51.562063,-0.000341
GB-LCL-A0359,[GB-LCL-A0359] Waltham Forest: Central Avenue,Alfen 22kW,Believ (EV),E11 4DJ,Waltham Forest,51.562063,-0.000341
GB-LCL-A0359,[GB-LCL-A0359] Waltham Forest: Central Avenue / ACE0166110 / E11 4DJ,Alfen 22kW,Believ (EV),E11 4DJ,Waltham Forest,51.562063,-0.000341
GB-LCL-A0359,[GB-LCL-A0359] Waltham Forest: Central Avenue / Believ,Alfen 22kW,Believ (EV),E11 4DJ,Waltham Forest,51.562063,-0.000341
GB-LCL-A0360,[GB-LCL-A0360] Ruckholt Close,Alfen 22kW,Believ (EV),E10 5NX,Waltham Forest,51.556786,-0.012393
GB-LCL-A0361,[GB-LCL-A0361] Ruckholt Close,Alfen 22kW,Believ (EV),E10 5NX,Waltham Forest,51.556786,-0.012393
GB-LCL-A0362,[GB-LCL-A0362] Exmouth Road,Alfen 22kW,Believ (EV),E17 7QG,Waltham Forest,51.581071,-0.025025
GB-LCL-A0363,[GB-LCL-A0363] Walpole Park Car Park,Alfen 22kW,Believ (EV),PO12 1HR,Gosport,50.79403,-1.12419
GB-LCL-A0364,[GB-LCL-A0364] Walpole Park Car Park,Alfen 22kW,Believ (EV),PO12 1HR,Gosport,50.79403,-1.12419
GB-LCL-A0365,[GB-LCL-A0365] Green Lane Car Park,Alfen 22kW,Believ (EV),PO12 4FJ,Gosport,50.810795,-1.135261
GB-LCL-A0366,[GB-LCL-A0366] Waltham Forest: Loxham Road / ACE0261297 / E4 9SU,Alfen 22kW,Believ (EV),E4 9SU,Waltham Forest,51.604939,-0.015965
GB-LCL-A0367,[GB-LCL-A0367] Waltham Forest: Royston Avenue / ACE0189325 / E4 9BH,Alfen 22kW,Believ (EV),E4 9BH,Waltham Forest,51.61096855,-0.01332291
GB-LCL-A0368,[GB-LCL-A0368] Hammersmith & Fulham: Harwood Terrace / SW6 2AB,Alfen 22kW,Believ (EV),SW6 2AB,Hammersmith & Fulham,51.47624692,-0.19086679
GB-LCL-A0369,[GB-LCL-A0369] Waltham Forest: Brisbane Road,Alfen 22kW,Believ (EV),E10 5NZ,Waltham Forest,51.561018,-0.012232
GB-LCL-A0369,[GB-LCL-A0369] Waltham Forest: Brisbane Road / ACE0422656 / E10 5NZ,Alfen 22kW,Believ (EV),E10 5NZ,Waltham Forest,51.561018,-0.012232
GB-LCL-A0369,[GB-LCL-A0369] Waltham Forest: Brisbane Road / Believ,Alfen 22kW,Believ (EV),E10 5NZ,Waltham Forest,51.561018,-0.012232
GB-LCL-A0370,[GB-LCL-A0370] Waltham Forest: Frederica Road / ACE0422644 / E4 7AJ,Alfen 22kW,Believ (EV),E4 7AJ,Waltham Forest,51.633556,0.005819
GB-LCL-A0371,[GB-LCL-A0371] Ealing: Popes Lane / ACE0493248 / W5 4AZ,Alfen 22kW,Believ (EV),W5 4AZ,Ealing,51.501003,-0.296134
GB-LCL-A0372,[GB-LCL-A0372] Ealing: Popes Lane / ACE0493216 / W5 4AZ,Alfen 22kW,Believ (EV),W5 4AZ,Ealing,51.501003,-0.296134
GB-LCL-A0377,[GB-LCL-A0377] Gosport: Pebble Beach Car Park / ACE0189166 / PO12 2BL,Alfen 22kW,Believ (EV),PO12 2BL,Gosport,50.78298,-1.15512
GB-LCL-A0378,[GB-LCL-A0378] Gosport: Pebble Beach Car Park / ACE0189170 / PO12 2BL,Alfen 22kW,Believ (EV),PO12 2BL,Gosport,50.78298,-1.15512
GB-LCL-A0379,[GB-LCL-A0379] Ealing: Churchfield Road,Alfen 22kW,Believ (EV),W13 9NF,Ealing,51.50901,-0.315339
GB-LCL-A0379,[GB-LCL-A0379] Ealing: Churchfield Road / ACE0422647 / W13 9NF,Alfen 22kW,Believ (EV),W13 9NF,Ealing,51.50901,-0.315339
GB-LCL-A0379,[GB-LCL-A0379] Ealing: Churchfield Road / Believ,Alfen 22kW,Believ (EV),W13 9NF,Ealing,51.50901,-0.315339
GB-LCL-A0380,[GB-LCL-A0380] Ealing: Churchfield Road,Alfen 22kW,Believ (EV),W13 9NF,Ealing,51.50901,-0.315339
GB-LCL-A0380,[GB-LCL-A0380] Ealing: Churchfield Road / ACE0422645 / W13 9NF,Alfen 22kW,Believ (EV),W13 9NF,Ealing,51.50935151,-0.31541333
GB-LCL-A0380,[GB-LCL-A0380] Ealing: Churchfield Road / Believ,Alfen 22kW,Believ (EV),W13 9NF,Ealing,51.50901,-0.315339
GB-LCL-A0381,[GB-LCL-A0381] Ealing: Leyborne Avenue / ACE0493210 / W13 9QL,Alfen 22kW ,Believ (EV),W13 9QL,Ealing,51.50600991,-0.31361794
GB-LCL-A0382,[GB-LCL-A0382] Ealing: Leyborne Avenue / ACE0422658 / W13 9QL,Alfen 22kW,Believ (EV),W13 9QL,Ealing,51.505422,-0.313524
GB-LCL-A0383,[GB-LCL-A0383] Ealing: Junction Road / ACE0422650 / W5 4DB,Alfen 22kW,Believ (EV),W5 4DB,Ealing,51.49543492,-0.30889387
GB-LCL-A0384,[GB-LCL-A0384] Ealing: Junction Road / ACE0422660 / W5 4DB,Alfen 22kW,Believ (EV),W5 4DB,Ealing,51.49543492,-0.30889387
GB-LCL-A0401,[GB-LCL-A0401] Hammersmith & Fulham: Maxwell Road / SW6 2HR / SW6 2HR,Alfen 22kW,Believ (EV),SW6 2HR,Hammersmith & Fulham,51.478345,-0.189483
GB-LCL-A0402,[GB-LCL-A0402] Hammersmith & Fulham: Opposite 44-48 Cedarne Road / ACE0166120 / SW6 2DH,Alfen 22kW,Believ (EV),SW6 2DH,Hammersmith & Fulham,51.47904488,-0.19350601
GB-LCL-A0403,[GB-LCL-A0403] Hammersmith & Fulham: Glazbury Road / ACE0166119 / W14 9AS,Alfen 22kW,Believ (EV),W14 9AS,Hammersmith & Fulham,51.4922095,-0.2111095
GB-LCL-A0404,[GB-LCL-A0404] Hammersmith & Fulham: Milson Road / ACE0166125 / W14 0AJ,Alfen 22kW,Believ (EV),W14 0AJ,Hammersmith & Fulham,51.500083,-0.217038
GB-LCL-A0405,[GB-LCL-A0405] Hammersmith & Fulham: 2 Stanlake Road  / ACE0166167 / W12 7HP,Alfen 22kW,Believ (EV),W12 7HP,Hammersmith & Fulham,51.506973,-0.228203
GB-LCL-A0406,[GB-LCL-A0406] Hammersmith & Fulham: Wendell Road / ACE0166159,Alfen 22kW,Believ (EV),W12 9SB,Hammersmith & Fulham,51.501879,-0.247338
GB-LCL-A0407,[GB-LCL-A0407] Hammersmith & Fulham: Coverdale Road,Alfen 22kW,Believ (EV),W12 8JL,Hammersmith & Fulham,51.505776,-0.22942187
GB-LCL-A0407,[GB-LCL-A0407] Hammersmith & Fulham: Coverdale Road / ACE0166130 / W12 8JL,Alfen 22kW,Believ (EV),W12 8JL,Hammersmith & Fulham,51.505776,-0.22942187
GB-LCL-A0407,[GB-LCL-A0407] Hammersmith & Fulham: Coverdale Road / Believ,Alfen 22kW,Believ (EV),W12 8JL,Hammersmith & Fulham,51.505776,-0.22942187
GB-LCL-A0409,[GB-LCL-A0409] Hammersmith & Fulham: Townmead Road / ACE0166171 / SW6 2LW,Alfen 22kW,Believ (EV),SW6 2LW,Hammersmith & Fulham,51.47133409,-0.1850126
GB-LCL-A0410,[GB-LCL-A0410] Hammersmith & Fulham: Burnfoot Avenue,Alfen 22kW,Believ (EV),SW6 5LR,Hammersmith & Fulham,51.474341,-0.21129017
GB-LCL-A0410,[GB-LCL-A0410] Hammersmith & Fulham: Burnfoot Avenue / ACE0166122 / SW6 5LR,Alfen 22kW,Believ (EV),SW6 5LR,Hammersmith & Fulham,51.474341,-0.21129017
GB-LCL-A0410,[GB-LCL-A0410] Hammersmith & Fulham: Burnfoot Avenue / Believ,Alfen 22kW,Believ (EV),SW6 5LR,Hammersmith & Fulham,51.474341,-0.21129017
GB-LCL-A0412,[GB-LCL-A0412] Waltham Forest: Belle Vue Road,Alfen 22kW,Believ (EV),E17 4BT,Waltham Forest,51.59555,0.004375
GB-LCL-A0412,[GB-LCL-A0412] Waltham Forest: Belle Vue Road / ACE0166139 / E17 4BT,Alfen 22kW,Believ (EV),E17 4BT,Waltham Forest,51.59555,0.004375
GB-LCL-A0412,[GB-LCL-A0412] Waltham Forest: Belle Vue Road / Believ,Alfen 22kW,Believ (EV),E17 4BT,Waltham Forest,51.59555,0.004375
GB-LCL-A0413,[GB-LCL-A0413] Waltham Forest: Belle Vue Road,Alfen 22kW,Believ (EV),E17 4BT,Waltham Forest,51.59555,0.004375
GB-LCL-A0413,[GB-LCL-A0413] Waltham Forest: Belle Vue Road / ACE0166133 / E17 4BT,Alfen 22kW,Believ (EV),E17 4BT,Waltham Forest,51.59555,0.004375
GB-LCL-A0413,[GB-LCL-A0413] Waltham Forest: Belle Vue Road / Believ,Alfen 22kW,Believ (EV),E17 4BT,Waltham Forest,51.59555,0.004375
GB-LCL-A0414,[GB-LCL-A0414] Waltham Forest: Russell Road / ACE0166126 /  E10 7ES,Alfen 22kW,Believ (EV),E10 7ES,Waltham Forest,51.574047,-0.01558
GB-LCL-A0415,[GB-LCL-A0415] Waltham Forest: Russell Road / ACE0166144 / E10 7ES,Alfen 22kW,Believ (EV),E10 7ES,Waltham Forest,51.5746517,-0.01432431
GB-LCL-A0416,[GB-LCL-A0416] Waltham Forest: Pendlestone Road / ACE0261320 /  E17 9BH / E17 9BH,Alfen 22kW,Believ (EV),E17 9BH,Waltham Forest,51.579315,-0.015038
GB-LCL-A0417,[GB-LCL-A0417] Waltham Forest: Pendlestone Road / ACE0261319 / E17 9BH,Alfen 22kW,Believ (EV),E17 9BH,Waltham Forest,51.579315,-0.015038
GB-LCL-A0418,[GB-LCL-A0418] Waltham Forest: Brookfield Ave.,Alfen 22kW,Believ (EV),E17 9ER,Waltham Forest,51.58475943,-0.00717903
GB-LCL-A0418,[GB-LCL-A0418] Waltham Forest: Brookfield Avenue,Alfen 22kW,Believ (EV),E17 9ER,Waltham Forest,51.58475943,-0.00717903
GB-LCL-A0418,[GB-LCL-A0418] Waltham Forest: Brookfield Avenue / Believ,Alfen 22kW,Believ (EV),E17 9ER,Waltham Forest,51.58475943,-0.00717903
GB-LCL-A0419,[GB-LCL-A0419] Waltham Forest: Brookfield Ave.,Alfen 22kW,Believ (EV),E17 9ER,Waltham Forest,51.58475943,-0.00717903
GB-LCL-A0419,[GB-LCL-A0419] Waltham Forest: Brookfield Avenue,Alfen 22kW,Believ (EV),E17 9ER,Waltham Forest,51.58475943,-0.00717903
GB-LCL-A0419,[GB-LCL-A0419] Waltham Forest: Brookfield Avenue / Believ,Alfen 22kW,Believ (EV),E17 9ER,Waltham Forest,51.58475943,-0.00717903
GB-LCL-A0420,[GB-LCL-A0420] Waltham Forest: West Avenue / ACE0261298 / E17 9QN,Alfen 22kW,Believ (EV),E17 9QN,Waltham Forest,51.582242,-0.015091
GB-LCL-A0421,[GB-LCL-A0421] Waltham Forest: West Avenue / ACE0261283 / E17 9QN,Alfen 22kW,Believ (EV),E17 9QN,Waltham Forest,51.582242,-0.015091
GB-LCL-A0422,[GB-LCL-A0422] Waltham Forest: 62 North Countess Road / ACE0261295 / E17 5HT,Alfen 22kW,Believ (EV),E17 5HT,Waltham Forest,51.597346,-0.02650797
GB-LCL-A0423,[GB-LCL-A0423] Waltham Forest: 62 North Countess Road / ACE0261305 / E17 5HT,Alfen 22kW,Believ (EV),E17 5HT,Waltham Forest,51.597346,-0.02650797
GB-LCL-A0424,[GB-LCL-A0424] Croydon: Opp. 1 Horsley Drive,Alfen 7kW,Believ (EV),CR0 0QW,Croydon,51.349787,-0.016352
GB-LCL-A0426,[GB-LCL-A0426] Waltham Forest: Brookscroft Rd,Alfen 22kW,Believ (EV),E17 4LH,Waltham Forest,51.597202,-0.01447
GB-LCL-A0426,[GB-LCL-A0426] Waltham Forest: Brookscroft Rd / Believ,Alfen 22kW,Believ (EV),E17 4LH,Waltham Forest,51.597202,-0.01447
GB-LCL-A0426,[GB-LCL-A0426] Waltham Forest: Brookscroft Road,Alfen 22kW,Believ (EV),E17 4LH,Waltham Forest,51.597202,-0.01447
GB-LCL-A0427,[GB-LCL-A0427] Waltham Forest: Brookscroft Rd,Alfen 22kW,Believ (EV),E17 4LH,Waltham Forest,51.597202,-0.01447
GB-LCL-A0427,[GB-LCL-A0427] Waltham Forest: Brookscroft Rd / Believ,Alfen 22kW,Believ (EV),E17 4LH,Waltham Forest,51.597202,-0.01447
GB-LCL-A0427,[GB-LCL-A0427] Waltham Forest: Brookscroft Road,Alfen 22kW,Believ (EV),E17 4LH,Waltham Forest,51.597202,-0.01447
GB-LCL-A0428,[GB-LCL-A0428] Hammersmith & Fulham: India Way / ACE0261301 / W12 7QT,Alfen 22kW,Believ (EV),W12 7QT,Hammersmith & Fulham,51.511547,-0.233435
GB-LCL-A0429,[GB-LCL-A0429] Hammersmith & Fulham: 92 Hurlingham Road / ACE0261293 / SW6 3NR,Alfen 22kW,Believ (EV),SW6 3NR,Hammersmith & Fulham,51.47025242,-0.20442469
GB-LCL-A0431,[GB-LCL-A0431] Waltham Forest: The Drive / ACE0261299 / E17 3BN,Alfen 22kW,Believ (EV),E17 3BN,Waltham Forest,51.587626,-0.01276
GB-LCL-A0432,[GB-LCL-A0432] Waltham Forest: Forster Road / ACE0261284 / E17 8AU,Alfen 22kW,Believ (EV),E17 8AU,Waltham Forest,51.57751,-0.035503
GB-LCL-A0433,[GB-LCL-A0433] Waltham Forest: Forster Road / ACE0261310 / E17 8AU,Alfen 22kW,Believ (EV),E17 8AU,Waltham Forest,51.57751,-0.035503
GB-LCL-A0434,[GB-LCL-A0434] Waltham Forest: Gillards Way / ACE0261285 / E17 7BH,Alfen 22kW,Believ (EV),E17 7BH,Waltham Forest,51.584584,-0.022656
GB-LCL-A0435,[GB-LCL-A0435] Waltham Forest: Gillards Way / ACE0261309 / E17 7BH,Alfen 22kW,Believ (EV),E17 7BH,Waltham Forest,51.584584,-0.022656
GB-LCL-A0436,[GB-LCL-A0436] Waltham Forest: Malvern Road / ACE0261288,Alfen 22kW,Believ (EV),E11 3DL,Waltham Forest,51.562747,0.01337
GB-LCL-A0437,[GB-LCL-A0437] Waltham Forest: Winns Avenue / ACE0261323 / E17 5LP,Alfen 22kW,Believ (EV),E17 5LP,Waltham Forest,51.591011,-0.03128
GB-LCL-A0438,[GB-LCL-A0438] Waltham Forest: Winns Avenue / ACE0261312 / E17 5LP,Alfen 22kW,Believ (EV),E17 5LP,Waltham Forest,51.591011,-0.03128
GB-LCL-A0441,[GB-LCL-A0441] Waltham Forest: Sutton Road / ACE0261308 / E17 5QA,Alfen 22kW,Believ (EV),E17 5QA,Waltham Forest,51.5986667,-0.0381944
GB-LCL-A0442,[GB-LCL-A0442] Waltham Forest: Sutton Road / ACE0261290 / E17 5QA,Alfen 22kW,Believ (EV),E17 5QA,Waltham Forest,51.5986667,-0.0381944
GB-LCL-A0444,[GB-LCL-A0444] Waltham Forest: Jesse Road / ACE0189165 / E10 6NN,Alfen 22kW,Believ (EV),E10 6NN,Waltham Forest,51.565982,-0.010058
GB-LCL-A0445,[GB-LCL-A0445] Waltham Forest: Hale End Road / ACE0189175 / E17 4DJ,Alfen 22kW,Believ (EV),E17 4DJ,Waltham Forest,51.595946,-0.001061
GB-LCL-A0446,[GB-LCL-A0446] Waltham Forest: Hale End Road / ACE0189183 / E17 4DJ,Alfen 22kW,Believ (EV),E17 4DJ,Waltham Forest,51.595946,-0.001061
GB-LCL-A0447,[GB-LCL-A0447] Waltham Forest: Greenleaf Road / ACE0189185 / E17 6QQ,Alfen 22kW,Believ (EV),E17 6QQ,Waltham Forest,51.587615,-0.021476
GB-LCL-A0448,[GB-LCL-A0448] Canterbury Road,Alfen 22kW,Believ (EV),E10 6EE,Waltham Forest,51.573077,-0.007731
GB-LCL-A0448,[GB-LCL-A0448] Waltham Forest: Canterbury Road,Alfen 22kW,Believ (EV),E10 6EE,Waltham Forest,51.573077,-0.007731
GB-LCL-A0448,[GB-LCL-A0448] Waltham Forest: Canterbury Road / ACE0189186 / E10 6EE,Alfen 22kW,Believ (EV),E10 6EE,Waltham Forest,51.573077,-0.007731
GB-LCL-A0449,[GB-LCL-A0449] Wandsworth: Shellwood Road / ACE0261252 / SW11 5BJ,Alfen 22kW,Believ (EV),SW11 5BJ,Wandsworth,51.469585,-0.161814
GB-LCL-A0450,[GB-LCL-A0450] Wandsworth: Shellwood Road / ACE0261262 / SW11 5BJ,Alfen 22kW,Believ (EV),SW11 5BJ,Wandsworth,51.469585,-0.161814
GB-LCL-A0451,[GB-LCL-A0451] Avarn Road,Alfen 22kW,Believ (EV),SW17 9HA,Wandsworth,51.422602,-0.163455
GB-LCL-A0451,[GB-LCL-A0451] Avarn Road,Alfen 22kW,Believ (EV),SW17 9HA,Wandsworth,51.422602,-0.163455
GB-LCL-A0451,[GB-LCL-A0451] Wandsworth: Avarn Road,Alfen 22kW,Believ (EV),SW17 9HA,Wandsworth,51.422602,-0.163455
GB-LCL-A0452,[GB-LCL-A0452] Avarn Road,Alfen 22kW,Believ (EV),SW17 9HA,Wandsworth,51.422602,-0.163455
GB-LCL-A0452,[GB-LCL-A0452] Avarn Road,Alfen 22kW,Believ (EV),SW17 9HA,Wandsworth,51.422602,-0.163455
GB-LCL-A0452,[GB-LCL-A0452] Wandsworth: Avarn Road,Alfen 22kW,Believ (EV),SW17 9HA,Wandsworth,51.422602,-0.163455
GB-LCL-A0453,[GB-LCL-A0453] Wandsworth: Stella Road / ACE0261261 / SW17 9HG,Alfen 22kW,Believ (EV),SW17 9HG,Wandsworth,51.422255,-0.16048
GB-LCL-A0454,[GB-LCL-A0454] Wandsworth: Stella Road / ACE0261273 / SW17 9HG,Alfen 22kW,Believ (EV),SW17 9HG,Wandsworth,51.422255,-0.16048
GB-LCL-A0455,[GB-LCL-A0455] Wandsworth: 240 Beechcroft Road / ACE0241522,Alfen 22kW,Believ (EV),SW17 7DF,Wandsworth,51.441724,-0.170775
GB-LCL-A0456,[GB-LCL-A0456] Wandsworth: 240 Beechcroft Road,Alfen 22kW,Believ (EV),SW17 7DF,Wandsworth,51.441724,-0.170775
GB-LCL-A0457,[GB-LCL-A0457] Croydon: 4 Stonecroft Way / ACE0189198 / CR0 3DH,Alfen 7kW,Believ (EV),CR0 3DH,Croydon,51.387601,-0.128244
GB-LCL-A0458,[GB-LCL-A0458] Croydon: Opp. 139 Bynes Road / ACE0189203 / CR2 0PS,Alfen 7kW,Believ (EV),CR2 0PS,Croydon,51.352185,-0.095552
GB-LCL-A0459,[GB-LCL-A0459] Wandsworth: Mayford Road / ACE0189184 / SW12 8RZ,Alfen 22kW,Believ (EV),SW12 8RZ,Wandsworth,51.447223,-0.161991
GB-LCL-A0460,[GB-LCL-A0460] Wandsworth: Esparto Street / ACE0189187 / SW18 4DL,Alfen 22kW,Believ (EV),SW18 4DL,Wandsworth,51.449652,-0.190538
GB-LCL-A0461,[GB-LCL-A0461] St. Saviours Road,Alfen 7kW,Believ (EV),CR0 2XF,Croydon,51.388089,-0.105069
GB-LCL-A0462,[GB-LCL-A0462] Croydon: 14 Beulah Crescent / ACE0165850 / CR7 8JL,Alfen 7kW,Believ (EV),CR7 8JL,Croydon,51.405812,-0.098406
GB-LCL-A0463,[GB-LCL-A0463] Croydon: 71 Birdhurst Rise / ACE0189207 / CR2 7EJ,Alfen 7kW,Believ (EV),CR2 7EJ,Croydon,51.362317,-0.090329
GB-LCL-A0464,[GB-LCL-A0464] Croydon: 58-54 Brook Road / ACE0189194 / CR7 7RT,Alfen 7kW,Believ (EV),CR7 7RT,Croydon,51.399661,-0.103842
GB-LCL-A0465,[GB-LCL-A0465] Croydon: Heath Road / ACE0189201 / CR7 8NF,Alfen 7kW,Believ (EV),CR7 8NF,Croydon,51.403225,-0.098232
GB-LCL-A0466,[GB-LCL-A0466] Croydon: 8 Sylvan Hill / ACE0189191 / SE19 2QE,Alfen 7kW,Believ (EV),SE19 2QE,Croydon,51.412703,-0.082173
GB-LCL-A0467,[GB-LCL-A0467] Croydon: 8 Sylvan Hill / ACE0189190 / SE19 2QE,Alfen 7kW,Believ (EV),SE19 2QE,Croydon,51.412703,-0.082173
GB-LCL-A0468,[GB-LCL-A0468] Croydon: 134 Gibsons Hill / ACE0236395 / SW16 3EY,Alfen 7kW,Believ (EV),SW16 3EY,Croydon,51.42004,-0.10712
GB-LCL-A0469,[GB-LCL-A0469] Croydon: 134 Gibson's Hill / ACE0236129 / SW16 3EY,Alfen 7kW,Believ (EV),SW16 3EY,Croydon,51.42004,-0.10712
GB-LCL-A0470,[GB-LCL-A0470] Croydon: Brook Road,Alfen 7kW,Believ (EV),CR7 7RB,Croydon,51.397996,-0.102567
GB-LCL-A0470,[GB-LCL-A0470] Croydon: Brook Road / ACE0236130,Alfen 7kW,Believ (EV),CR7 7RB,Croydon,51.397996,-0.102567
GB-LCL-A0470,[GB-LCL-A0470] Croydon: Brook Road / ACE0236130 / CR7 7RB,Alfen 7kW,Believ (EV),CR7 7RB,Croydon,51.397996,-0.102567
GB-LCL-A0471,[GB-LCL-A0471] Croydon: Brook Road,Alfen 7kW,Believ (EV),CR7 7RB,Croydon,51.397996,-0.102567
GB-LCL-A0471,[GB-LCL-A0471] Croydon: Brook Road / ACE0236394 / CR7 7RB,Alfen 7kW,Believ (EV),CR7 7RB,Croydon,51.397996,-0.102567
GB-LCL-A0471,[GB-LCL-A0471] Croydon: Brook Road / Believ,Alfen 7kW,Believ (EV),CR7 7RB,Croydon,51.397996,-0.102567
GB-LCL-A0479,[GB-LCL-A0479] Waltham Forest: Hollydown Way / ACE0197287 / E11 4YD,Alfen 22kW,Believ (EV),E11 4YD,Waltham Forest,51.559649,0.002216
GB-LCL-A0480,"[GB-LCL-A0480] Waltham Forest: 15 Norman Rd, Leytonstone / ACE0166118 / E11 4PX",Alfen 22kW,Believ (EV),E11 4PX,Waltham Forest,51.56133,0.003007
GB-LCL-A0481,[GB-LCL-A0481] Waltham Forest: 1 Clyde Place / ACE0197276 / E10 5AS,Alfen 22kW,Believ (EV),E10 5AS,Waltham Forest,51.570592,-0.015553
GB-LCL-A0482,[GB-LCL-A0482] Waltham Forest: 61 Carnarvon Rd / ACE0197293 / E10 6DL,Alfen 22kW,Believ (EV),E10 6DL,Waltham Forest,51.579183,-0.003192
GB-LCL-A0483,[GB-LCL-A0483] 97 Nottingham Rd /  Leyton / London,Alfen 22kW,Believ (EV),E10 6EP,Waltham Forest,51.577547,-0.001398
GB-LCL-A0484,"[GB-LCL-A0484] 4 Farnan Ave, Walthamstow / London",Alfen 22kW,Believ (EV),E17 4NX,Waltham Forest,51.590249,-0.015412
GB-LCL-A0485,[GB-LCL-A0485] Waltham Forest: Opp 91 Marten Road / ACE0197231 / E17 4NL,Alfen 22kW,Believ (EV),E17 4NL,Waltham Forest,51.596735,-0.01659437
GB-LCL-A0486,[GB-LCL-A0486] Waltham Forest: Opp 2-14 Victoria Road / ACE0197288 / E17 4JU,Alfen 22kW,Believ (EV),E17 4JU,Waltham Forest,51.59411,-0.007646
GB-LCL-A0489,[GB-LCL-A0489] Ealing: Evelyn Grove / ACE0197258 / UB1 2BW,Alfen 22kW,Believ (EV),UB1 2BW,Ealing,51.517008,-0.375768
GB-LCL-A0490,[GB-LCL-A0490] Ealing: Evelyn Grove / ACE0189178 / UB1 2BW,Alfen 22kW,Believ (EV),UB1 2BW,Ealing,51.517008,-0.375768
GB-LCL-A0491,[GB-LCL-A0491] Ealing: Cranleigh Gardens / ACE0197263 / UB1 2BX,Alfen 22kW,Believ (EV),UB1 2BX,Ealing,51.520495,-0.377789
GB-LCL-A0492,[GB-LCL-A0492] Ealing: Cranleigh Gardens / ACE0189164 / UB1 2BX,Alfen 22kW,Believ (EV),UB1 2BX,Ealing,51.520495,-0.377789
GB-LCL-A0493,[GB-LCL-A0493] Ealing: Oswald Road / ACE0197248 / UB1 1HJ,Alfen 22kW,Believ (EV),UB1 1HJ,Ealing,51.50878,-0.382767
GB-LCL-A0494,[GB-LCL-A0494] Ealing: Oswald Road / ACE0197217 / UB1 1HJ,Alfen 22kW,Believ (EV),UB1 1HJ,Ealing,51.50878,-0.382767
GB-LCL-A0495,[GB-LCL-A0495] Ealing: 15 Carlton Road / ACE0422395 / W5 2AE,Alfen 22kW,Believ (EV),W5 2AE,Ealing,51.515099,-0.314065
GB-LCL-A0496,[GB-LCL-A0496] Ealing: 15 Carlton Road / ACE0422413 / W5 2AE,Alfen 22kW,Believ (EV),W5 2AE,Ealing,51.515099,-0.314065
GB-LCL-A0497,[GB-LCL-A0497] Ealing: Manor Court Road / Side of 91 Church Road,Alfen 22kW,Believ (EV),W7 3BH,Ealing,51.514503,-0.340061
GB-LCL-A0498,[GB-LCL-A0498] Ealing: Manor Court Road / Side of 91 Church Road,Alfen 22kW,Believ (EV),W7 3BH,Ealing,51.514503,-0.340061
GB-LCL-A0499,[GB-LCL-A0499] Ealing: 9 Princes Gardens / ACE0422408 / W3 0LX,Alfen 22kW,Believ (EV),W3 0LX,Ealing,51.518742,-0.281663
GB-LCL-A0500,[GB-LCL-A0500] Ealing: 9 Princes Gardens / ACE0422410 / W3 0LX,Alfen 22kW,Believ (EV),W3 0LX,Ealing,51.518742,-0.281663
GB-LCL-A0501,[GB-LCL-A0501] Ealing: Hale Gardens / ACE0422401 / W3 9ST,Alfen 22kW,Believ (EV),W3 9ST,Ealing,51.508954,-0.28307
GB-LCL-A0502,[GB-LCL-A0502] Ealing: Hale Gardens / ACE0422412 / W3 9ST,Alfen 22kW,Believ (EV),W3 9ST,Ealing,51.508954,-0.28307
GB-LCL-A0503,[GB-LCL-A0503] Ealing: Green Drive / ACE0422414 / UB1 3AY,Alfen 22kW,Believ (EV),UB1 3AY,Ealing,51.509081,-0.36652
GB-LCL-A0504,[GB-LCL-A0504] Ealing: Green Drive / ACE0422429 / UB1 3AY,Alfen 22kW,Believ (EV),UB1 3AY,Ealing,51.509081,-0.36652
GB-LCL-A0506,[GB-LCL-A0506] Ealing: Grange Road - Co-Build / ACE0422595 / UB1 1BY,Alfen 22kW,Believ (EV),UB1 1BY,Ealing,51.50694,-0.383816
GB-LCL-A0507,[GB-LCL-A0507] Ealing: Grange Road - Co-Build / ACE0422589 / UB1 1BY,Alfen 22kW,Believ (EV),UB1 1BY,Ealing,51.50694,-0.383816
GB-LCL-A0508,[GB-LCL-A0508] Ealing: 1 George Street / ACE0422590 / UB2 5PS,Alfen 22kW,Believ (EV),UB2 5PS,Ealing,51.497077,-0.385014
GB-LCL-A0509,[GB-LCL-A0509] Ealing: 1 George Street / ACE0197235 / UB2 5PS,Alfen 22kW,Believ (EV),UB2 5PS,Ealing,51.497077,-0.385014
GB-LCL-A0510,[GB-LCL-A0510] Ealing: Opp. 4 Arnold Road / ACE0197269 / UB5 5TB,,Believ (EV),UB5 5TB,Ealing,51.548564,-0.378822
GB-LCL-A0511,[GB-LCL-A0511] Ealing: Opp. 4 Arnold Road / ACE0422392 / UB5 5TB,Alfen 22kW,Believ (EV),UB5 5TB,Ealing,51.548564,-0.378822
GB-LCL-A0512,[GB-LCL-A0512] Wandsworth: Parkmead / ACE0158164 / SW15 5BS,Alfen 22kW,Believ (EV),SW15 5BS,Wandsworth,51.453566,-0.236409
GB-LCL-A0513,[GB-LCL-A0513] Wandsworth: Parkmead / ACE0158174 / SW15 5BS,Alfen 22kW,Believ (EV),SW15 5BS,Wandsworth,51.453566,-0.236409
GB-LCL-A0514,[GB-LCL-A0514] Wandsworth: 81 -82 Bullen Street / ACE0158148 / SW11 3HH,Alfen 22kW,Believ (EV),SW11 3HH,Wandsworth,51.472654,-0.169448
GB-LCL-A0515,[GB-LCL-A0515] Wandsworth: 81 -82 Bullen Street / ACE0158155 / SW11 3HH,Alfen 22kW,Believ (EV),SW11 3HH,Wandsworth,51.472654,-0.169448
GB-LCL-A0516,[GB-LCL-A0516] Campion Road,Alfen 22kW,Believ (EV),SW15 6NW,Wandsworth,51.459654,-0.228443
GB-LCL-A0516,[GB-LCL-A0516] Wandsworth: Campion Road,Alfen 22kW,Believ (EV),SW15 6NW,Wandsworth,51.459654,-0.228443
GB-LCL-A0516,[GB-LCL-A0516] Wandsworth: Campion Road / ACE0158165 / SW15 6NW,Alfen 22kW,Believ (EV),SW15 6NW,Wandsworth,51.459654,-0.228443
GB-LCL-A0517,[GB-LCL-A0517] Wandsworth: Campion Road,Alfen 22kW,Believ (EV),SW15 6NW,Wandsworth,51.459654,-0.228443
GB-LCL-A0517,[GB-LCL-A0517] Wandsworth: Campion Road / ACE0158153 / SW15 6NW,Alfen 22kW,Believ (EV),SW15 6NW,Wandsworth,51.459654,-0.228443
GB-LCL-A0517,[GB-LCL-A0517] Wandsworth: Campion Road / Believ,Alfen 22kW,Believ (EV),SW15 6NW,Wandsworth,51.459654,-0.228443
GB-LCL-A0518,[GB-LCL-A0518] Ashlone Road,Alfen 22kW,Believ (EV),SW15 1LR,Wandsworth,51.468493,-0.223481
GB-LCL-A0518,[GB-LCL-A0518] Wandsworth: Ashlone Road,Alfen 22kW,Believ (EV),SW15 1LR,Wandsworth,51.468493,-0.223481
GB-LCL-A0518,[GB-LCL-A0518] Wandsworth: Ashlone Road / ACE0158149 / SW15 1LR,Alfen 22kW,Believ (EV),SW15 1LR,Wandsworth,51.468493,-0.223481
GB-LCL-A0519,[GB-LCL-A0519] Wandsworth: Ashlone Road / ACE0158158,Alfen 22kW,Believ (EV),SW15 1LR,Wandsworth,51.468493,-0.223481
GB-LCL-A0519,[GB-LCL-A0519] Wandsworth: Ashlone Road / ACE0158158 / SW15 1LR,Alfen 22kW,Believ (EV),SW15 1LR,Wandsworth,51.468493,-0.223481
GB-LCL-A0521,[GB-LCL-A0521] Wandsworth: 27-42 Bessborough Road / ACE0158150 / SW15 4BN,Alfen 22kW,Believ (EV),SW15 4BN,Wandsworth,51.4458075,-0.2391163
GB-LCL-A0522,[GB-LCL-A0522] Wandsworth: 27-42 Bessborough Road / ACE0158170 / SW15 4BN,Alfen 22kW,Believ (EV),SW15 4BN,Wandsworth,51.4458075,-0.2391163
GB-LCL-A0523,[GB-LCL-A0523] Wandsworth: Wycliffe Road / ACE0158167 / SW11 5TD,Alfen 22kW,Believ (EV),SW11 5TD,Wandsworth,51.470234,-0.153256
GB-LCL-A0524,[GB-LCL-A0524] Wandsworth: Wycliffe Road / ACE0158175 / SW11 5TD,Alfen 22kW,Believ (EV),SW11 5TD,Wandsworth,51.470234,-0.153256
GB-LCL-A0525,[GB-LCL-A0525] Vyner Road,Alfen 22kW,Believ (EV),W3 7LZ,Ealing,51.512817,-0.259545
GB-LCL-A0526,[GB-LCL-A0526] Vyner Road,Alfen 22kW,Believ (EV),W3 7LZ,Ealing,51.512817,-0.259545
GB-LCL-A0527,[GB-LCL-A0527] Waltham Forest: 4 Shernhall Street / ACE0422586 / E17 3HN,Alfen 22kW,Believ (EV),E17 3HN,Waltham Forest,51.588751,-0.008164
GB-LCL-A0528,[GB-LCL-A0528] Waltham Forest: 4 Shernhall Street / ACE0422597 / E17 3HN,Alfen 22kW,Believ (EV),E17 3HN,Waltham Forest,51.588751,-0.008164
GB-LCL-A0529,[GB-LCL-A0529] Waltham Forest: 112 Bulwer Road / ACE0422599 / E11 1BQ,Alfen 22kW,Believ (EV),E11 1BQ,Waltham Forest,51.5693,0.003918
GB-LCL-A0530,[GB-LCL-A0530] Waltham Forest: 112 Bulwer Road / ACE0422592 / E11 1BQ,Alfen 22kW,Believ (EV),E11 1BQ,Waltham Forest,51.5693,0.003918
GB-LCL-A0532,[GB-LCL-A0532] Waltham Forest: Kimberely Road / Outside Sudeley Court / ACE0166176 / E17 5EE,Alfen 22kW,Believ (EV),E17 5EE,Waltham Forest,51.599845,-0.02806
GB-LCL-A0533,[GB-LCL-A0533] Blenheim Road,Alfen 22kW,Believ (EV),E15 1UF,Waltham Forest,51.553104,0.00927
GB-LCL-A0533,[GB-LCL-A0533] Waltham Forest: Blenheim Road,Alfen 22kW,Believ (EV),E15 1UF,Waltham Forest,51.553104,0.00927
GB-LCL-A0533,[GB-LCL-A0533] Waltham Forest: Blenheim Road / ACE0422588 / E15 1UF,Alfen 22kW,Believ (EV),E15 1UF,Waltham Forest,51.553104,0.00927
GB-LCL-A0534,[GB-LCL-A0534] Blenheim Road,Alfen 22kW,Believ (EV),E15 1UF,Waltham Forest,51.553104,0.00927
GB-LCL-A0534,[GB-LCL-A0534] Waltham Forest: Blenheim Road,Alfen 22kW,Believ (EV),E15 1UF,Waltham Forest,51.553104,0.00927
GB-LCL-A0534,[GB-LCL-A0534] Waltham Forest: Blenheim Road / ACE0422594 / E15 1UF,Alfen 22kW,Believ (EV),E15 1UF,Waltham Forest,51.553104,0.00927
GB-LCL-A0535,[GB-LCL-A0535] Waltham Forest: Stewart Road / ACE0422598 / E15 2BD,Alfen 22kW,Believ (EV),E15 2BD,Waltham Forest,51.553068,-0.000412
GB-LCL-A0536,[GB-LCL-A0536] Waltham Forest: York Road / Adjacent to 25 Lyttelton Road / ACE0197239 / E10 5NQ,Alfen 22kW,Believ (EV),E10 5NQ,Waltham Forest,51.559054,-0.010189
GB-LCL-A0537,[GB-LCL-A0537] Waltham Forest: Norlington Road / ACE0197291 / E10 6JZ,Alfen 22kW,Believ (EV),E10 6JZ,Waltham Forest,51.566915,-0.002256
GB-LCL-A0538,[GB-LCL-A0538] Waltham Forest: Seymour Court / ACE0197225 / E4 6DZ,Alfen 22kW,Believ (EV),E4 6DZ,Waltham Forest,51.62666,0.019284
GB-LCL-A0539,[GB-LCL-A0539] Waltham Forest: Seymour Court / ACE0261326 / E4 6DZ,Alfen 22kW,Believ (EV),E4 6DZ,Waltham Forest,51.62666,0.019284
GB-LCL-A0540,[GB-LCL-A0540] Badlis Road,Alfen 22kW,Believ (EV),E17 5LQ,Waltham Forest,51.592262,-0.023133
GB-LCL-A0540,[GB-LCL-A0540] Waltham Forest: Badlis Road,Alfen 22kW,Believ (EV),E17 5LQ,Waltham Forest,51.592262,-0.023133
GB-LCL-A0540,[GB-LCL-A0540] Waltham Forest: Badlis Road / ACE0197210 / E17 5LQ,Alfen 22kW,Believ (EV),E17 5LQ,Waltham Forest,51.592262,-0.023133
GB-LCL-A0541,[GB-LCL-A0541] Badlis Road,Alfen 22kW,Believ (EV),E17 5LQ,Waltham Forest,51.592262,-0.023133
GB-LCL-A0541,[GB-LCL-A0541] Waltham Forest: Badlis Road / ACE0422593 / E17 5LQ,Alfen 22kW,Believ (EV),E17 5LQ,Waltham Forest,51.592262,-0.023133
GB-LCL-A0542,[GB-LCL-A0542] Waltham Forest: Pretoria Avenue / ACE0422596 / E17 7DL,Alfen 22kW,Believ (EV),E17 7DL,Waltham Forest,51.584743,-0.034903
GB-LCL-A0543,[GB-LCL-A0543] Waltham Forest: Pretoria Avenue / ACE0422591 / E17 7DL,Alfen 22kW,Believ (EV),E17 7DL,Waltham Forest,51.584743,-0.034903
GB-LCL-A0544,[GB-LCL-A0544] Waltham Forest: Langthorne Road / ACE0197261 / E11 4HS,Alfen 22kW,Believ (EV),E11 4HS,Waltham Forest,51.556661,-0.002175
GB-LCL-A0545,[GB-LCL-A0545] Beachcroft Road,Alfen 22kW,Believ (EV),E11 3QJ,Waltham Forest,51.55939,0.010155
GB-LCL-A0545,[GB-LCL-A0545] Waltham Forest: Beachcroft Road,Alfen 22kW,Believ (EV),E11 3QJ,Waltham Forest,51.55939,0.010155
GB-LCL-A0545,[GB-LCL-A0545] Waltham Forest: Beachcroft Road / ACE0197272 / E11 3QJ,Alfen 22kW,Believ (EV),E11 3QJ,Waltham Forest,51.55939,0.010155
GB-LCL-A0546,[GB-LCL-A0546] Beachcroft Road,Alfen 22kW,Believ (EV),E11 3QJ,Waltham Forest,51.55939,0.010155
GB-LCL-A0546,[GB-LCL-A0546] Waltham Forest: Beachcroft Road / ACE0197290 / E11 3QJ,Alfen 22kW,Believ (EV),E11 3QJ,Waltham Forest,51.55939,0.010155
GB-LCL-A0546,[GB-LCL-A0546] Waltham Forest: Beachcroft Road / Believ,Alfen 22kW,Believ (EV),E11 3QJ,Waltham Forest,51.55939,0.010155
GB-LCL-A0547,[GB-LCL-A0547] Waltham Forest: Waterloo Road / Manor Road,Alfen 22kW,Believ (EV),E10 7HR,Waltham Forest,51.571274,-0.020494
GB-LCL-A0547,[GB-LCL-A0547] Waltham Forest: Waterloo Road / Manor Road / ACE0166117 / E10 7HR,Alfen 22kW,Believ (EV),E10 7HR,Waltham Forest,51.571274,-0.020494
GB-LCL-A0547,[GB-LCL-A0547] Waterloo Road  / Manor Road,Alfen 22kW,Believ (EV),E10 7HR,Waltham Forest,51.571274,-0.020494
GB-LCL-A0548,[GB-LCL-A0548] Waltham Forest: Waterloo Road / Manor Road,Alfen 22kW,Believ (EV),E10 7HR,Waltham Forest,51.571274,-0.020494
GB-LCL-A0548,[GB-LCL-A0548] Waltham Forest: Waterloo Road / Manor Road / ACE0197253 / E10 7HR,Alfen 22kW,Believ (EV),E10 7HR,Waltham Forest,51.571274,-0.020494
GB-LCL-A0548,[GB-LCL-A0548] Waterloo Road  / Manor Road,Alfen 22kW,Believ (EV),E10 7HR,Waltham Forest,51.571274,-0.020494
GB-LCL-A0549,[GB-LCL-A0549] Waltham Forest: Woodhouse Road / ACE0189180 / E11 3PD,Alfen 22kW,Believ (EV),E11 3PD,Waltham Forest,51.557094,0.013199
GB-LCL-A0550,[GB-LCL-A0550] Waltham Forest: Woodhouse Road / ACE0189177 / E11 3PD,Alfen 22kW,Believ (EV),E11 3PD,Waltham Forest,51.557094,0.013199
GB-LCL-A0551,[GB-LCL-A0551] Boardman Avenue,Alfen 22kW,Believ (EV),E4 7QD,Waltham Forest,51.646179,-0.010026
GB-LCL-A0551,[GB-LCL-A0551] Waltham Forest: Boardman Avenue,Alfen 22kW,Believ (EV),E4 7QD,Waltham Forest,51.646179,-0.010026
GB-LCL-A0551,[GB-LCL-A0551] Waltham Forest: Boardman Avenue / ACE0166132 / E4 7QD,Alfen 22kW,Believ (EV),E4 7QD,Waltham Forest,51.646179,-0.010026
GB-LCL-A0552,[GB-LCL-A0552] Waltham Forest: Fladgate Road / Adjacent 7 Forest Glade / ACE0197275 / E11 1LY,Alfen 22kW,Believ (EV),E11 1LY,Waltham Forest,51.576549,0.009884
GB-LCL-A0553,[GB-LCL-A0553] Waltham Forest: 39 Grosvenor Rise E / ACE0197247 / E17 9LA,Alfen 22kW,Believ (EV),E17 9LA,Waltham Forest,51.580555,-0.012395
GB-LCL-A0554,[GB-LCL-A0554] Waltham Forest: 39 Grosvenor Rise E / ACE0197289 / E17 9LA,Alfen 22kW,Believ (EV),E17 9LA,Waltham Forest,51.580555,-0.012395
GB-LCL-A0555,[GB-LCL-A0555] Waltham Forest: Opposite 125 Seymour Road / ACE0197250 / E10 7LZ,Alfen 22kW,Believ (EV),E10 7LZ,Waltham Forest,51.567053,-0.028026
GB-LCL-A0556,[GB-LCL-A0556] Waltham Forest: Opposite 125 Seymour Road / ACE0189319 / E10 7LZ,Alfen 22kW,Believ (EV),E10 7LZ,Waltham Forest,51.567053,-0.028026
GB-LCL-A0557,[GB-LCL-A0557] Waltham Forest: Trinity Close / ACE0197222 / E11 4GW,Alfen 22kW,Believ (EV),E11 4GW,Waltham Forest,51.562892,0.008459
GB-LCL-A0558,[GB-LCL-A0558] Ealing: 126 Horn Lane / ACE0197249 / W3 6PA,Alfen 22kW,Believ (EV),W3 6PA,Ealing,51.51355,-0.26967
GB-LCL-A0559,[GB-LCL-A0559] Ealing: 49-45 Hereford Road / ACE0197245 / W3 9JN,Alfen 22kW,Believ (EV),W3 9JN,Ealing,51.51469,-0.272981
GB-LCL-A0560,[GB-LCL-A0560] Ealing: 49-45 Hereford Road,Alfen 22kW,Believ (EV),W3 9JN,Ealing,51.51469,-0.272981
GB-LCL-A0561,[GB-LCL-A0561] Ealing: 67a Ashfield Road / ACE0422382 / W3 7HW,Alfen 22kW,Believ (EV),W3 7HW,Ealing,51.51004,-0.24646
GB-LCL-A0562,[GB-LCL-A0562] Ealing: 67a Ashfield Road / ACE0422361 / W3 7HW,Alfen 22kW,Believ (EV),W3 7HW,Ealing,51.51004,-0.24646
GB-LCL-A0563,[GB-LCL-A0563] Ealing: Lynton Road,Alfen 22kW,Believ (EV),W5 1EN,Ealing,51.51449,-0.28198
GB-LCL-A0564,[GB-LCL-A0564] Ealing: Lynton Road,Alfen 22kW,Believ (EV),W5 1EN,Ealing,51.51449,-0.28198
GB-LCL-A0565,[GB-LCL-A0565] Ealing: Grove Avenue / ACE0422368 / W7 3AA,Alfen 22kW,Believ (EV),W7 3AA,Ealing,51.51883,-0.33871
GB-LCL-A0566,[GB-LCL-A0566] Ealing: Grove Avenue / ACE0422374 / W7 3AA,Alfen 22kW,Believ (EV),W7 3AA,Ealing,51.51883,-0.33871
GB-LCL-A0567,[GB-LCL-A0567] Ealing: 2-19 Crosslands Avenue,Alfen 22kW,Believ (EV),W5 3QH,Ealing,51.508024,-0.289322
GB-LCL-A0568,[GB-LCL-A0568] Ealing: 2-19 Crosslands Avenue,Alfen 22kW,Believ (EV),W5 3QH,Ealing,51.508024,-0.289322
GB-LCL-A0569,[GB-LCL-A0569] Waltham Forest: Trinity Close / ACE0422350 /  E11 4GW,Alfen 22kW,Believ (EV),E11 4GW,Waltham Forest,51.562892,0.008459
GB-LCL-A0570,[GB-LCL-A0570] Waltham Forest: 6 Fillebrook Rd / ACE0422544 / E11 4AP,Alfen 7kW,Believ (EV),E11 4AP,Waltham Forest,51.567324,0.004165
GB-LCL-A0571,[GB-LCL-A0571] Ealing: St Leonards Road / ACE0422370 / W5 2ST,Alfen 22kW,Believ (EV),W5 2ST,Ealing,51.512283,-0.313636
GB-LCL-A0572,[GB-LCL-A0572] Ealing: St Leonards Road / ACE0197266 / W5 2ST,Alfen 22kW,Believ (EV),W5 2ST,Ealing,51.512283,-0.313636
GB-LCL-A0573,[GB-LCL-A0573] Wayfarer Road,Alfen 22kW,Believ (EV),UB5 6HD,Ealing,51.53196,-0.38495
GB-LCL-A0574,[GB-LCL-A0574] Ealing: Opp. 61 Balfour Road / W13 9TW,Alfen 22kW,Believ (EV),W13 9TW,Ealing,51.503873,-0.321601
GB-LCL-A0575,[GB-LCL-A0575] Opp. 61 Balfour Road,Alfen 22kW,Believ (EV),W13 9TW,Ealing,51.503873,-0.321601
GB-LCL-A0576,[GB-LCL-A0576] 14-8 St Stephen's Avenue,Alfen 22kW,Believ (EV),W13 8EL,Ealing,51.519637,-0.320935
GB-LCL-A0577,[GB-LCL-A0577] 14-8 St Stephens Avenue,Alfen 22kW,Believ (EV),W13 8EL,Ealing,51.519637,-0.320935
GB-LCL-A0578,[GB-LCL-A0578] Brentham Way,Alfen 22kW,Believ (EV),W5 1PT,Ealing,51.52466,-0.30406
GB-LCL-A0578,[GB-LCL-A0578] Brentham Way,Alfen 22kW,Believ (EV),W5 1PT,Ealing,51.52466,-0.30406
GB-LCL-A0578,[GB-LCL-A0578] Ealing: Brentham Way,Alfen 22kW,Believ (EV),W5 1PT,Ealing,51.52466,-0.30406
GB-LCL-A0579,[GB-LCL-A0579] Brentham Way,Alfen 22kW,Believ (EV),W5 1PT,Ealing,51.52466,-0.30406
GB-LCL-A0579,[GB-LCL-A0579] Brentham Way,Alfen 22kW,Believ (EV),W5 1PT,Ealing,51.52466,-0.30406
GB-LCL-A0579,[GB-LCL-A0579] Ealing: Brentham Way,Alfen 22kW,Believ (EV),W5 1PT,Ealing,51.52466,-0.30406
GB-LCL-A0580,[GB-LCL-A0580] 36 Hanger Vale Lane,Alfen 22kW,Believ (EV),W5 3AT,Ealing,51.51934,-0.28913
GB-LCL-A0581,[GB-LCL-A0581] 36 Hanger Vale Lane,Alfen 22kW,Believ (EV),W5 3AT,Ealing,51.51934,-0.28913
GB-LCL-A0582,[GB-LCL-A0582] Ealing: Marchwood Crescent / ACE0197246 / W5 2EU,Alfen 22kW,Believ (EV),W5 2EU,Ealing,51.520181,-0.306573
GB-LCL-A0583,[GB-LCL-A0583] Ealing: Marchwood Crescent / ACE0197260 / W5 2EU,Alfen 22kW,Believ (EV),W5 2EU,Ealing,51.520181,-0.306573
GB-LCL-A0584,[GB-LCL-A0584] 44 Avenue Road,Alfen 22kW,Believ (EV),W3 8YR,Ealing,51.504998,-0.271004
GB-LCL-A0585,[GB-LCL-A0585] Wadhurst Road / Side of 33 Kingscote Road,Alfen 22kW,Believ (EV),W4 5LJ,Ealing,51.498062,-0.263245
GB-LCL-A0586,[GB-LCL-A0586] Wadhurst Road / Side of 33 Kingscote Road,Alfen 22kW,Believ (EV),W4 5LJ,Ealing,51.498062,-0.263245
GB-LCL-A0588,[GB-LCL-A0588] Gloucester Road / Side of 10 Dorset Road,Alfen 22kW,Believ (EV),W5 4JB,Ealing,51.501516,-0.308975
GB-LCL-A0589,[GB-LCL-A0589] Gloucester Road / Side of 10 Dorset Road,Alfen 22kW,Believ (EV),W5 4JB,Ealing,51.501516,-0.308975
GB-LCL-A0590,[GB-LCL-A0590] 44 Avenue Road,Alfen 22kW,Believ (EV),W3 8YR,Ealing,51.504998,-0.271004
GB-LCL-A0591,[GB-LCL-A0591] Croydon: Blakemore Road,Alfen 7kW,Believ (EV),CR7 6DD,Croydon,51.394858,-0.120093
GB-LCL-A0591,[GB-LCL-A0591] Croydon: Blakemore Road / ACE0236139 / CR7 6DD,Alfen 7kW,Believ (EV),CR7 6DD,Croydon,51.394858,-0.120093
GB-LCL-A0591,[GB-LCL-A0591] Croydon: Blakemore Road / ACE0236139 / CR7 6DD / Believ,Alfen 7kW,Believ (EV),CR7 6DD,Croydon,51.394858,-0.120093
GB-LCL-A0592,[GB-LCL-A0592] Ealing: Ribblesdale Avenue / ACE0197218 / UB5 4LZ,Alfen 22kW,Believ (EV),UB5 4LZ,Ealing,51.551371,-0.360335
GB-LCL-A0593,[GB-LCL-A0593] Ealing: Yeading Lane / ACE0422403 / UB5 6JS,Alfen 22kW,Believ (EV),UB5 6JS,Ealing,51.534107,-0.395354
GB-LCL-A0594,[GB-LCL-A0594] Ealing: Yeading Lane / ACE0422398 / UB5 6JS,Alfen 22kW,Believ (EV),UB5 6JS,Ealing,51.534107,-0.395354
GB-LCL-A0596,[GB-LCL-A0596] Bridge Avenue,Alfen 22kW,Believ (EV),W7 3DJ,Ealing,51.522755,-0.346243
GB-LCL-A0596,[GB-LCL-A0596] Ealing: Bridge Avenue,Alfen 22kW,Believ (EV),W7 3DJ,Ealing,51.522755,-0.346243
GB-LCL-A0596,[GB-LCL-A0596] Ealing: Bridge Avenue / ACE0422363 / W7 3DJ,Alfen 22kW,Believ (EV),W7 3DJ,Ealing,51.522755,-0.346243
GB-LCL-A0597,[GB-LCL-A0597] Bridge Avenue,Alfen 22kW,Believ (EV),W7 3DJ,Ealing,51.522755,-0.346243
GB-LCL-A0597,[GB-LCL-A0597] Bridge Avenue,Alfen 22kW,Believ (EV),W7 3DJ,Ealing,51.522755,-0.346243
GB-LCL-A0597,[GB-LCL-A0597] Ealing: Bridge Avenue,Alfen 22kW,Believ (EV),W7 3DJ,Ealing,51.522755,-0.346243
GB-LCL-A0599,"[GB-LCL-A0599] Waltham Forest: 41 James Lane, Leytonstone / ACE0197230 / E11 1NS",Alfen 22kW,Believ (EV),E11 1NS,Waltham Forest,51.57567363,0.00442691
GB-LCL-A0676,[GB-LCL-A0676] Waltham Forest: Perth Road / ACE0197251 / E10 7PB,Alfen 22kW,Believ (EV),E10 7PB,Waltham Forest,51.567184,-0.032317
GB-LCL-A0677,[GB-LCL-A0677] Waltham Forest: Perth Road / ACE0197280 / E10 7PB,Alfen 22kW,Believ (EV),E10 7PB,Waltham Forest,51.567184,-0.032317
GB-LCL-A0678,[GB-LCL-A0678] Kitchener Road,Alfen 22kW,Believ (EV),E17 4LJ,Waltham Forest,51.597926,-0.011844
GB-LCL-A0679,[GB-LCL-A0679] Kitchener Road,Alfen 22kW,Believ (EV),E17 4LJ,Waltham Forest,51.597926,-0.011844
GB-LCL-A0680,[GB-LCL-A0680] Waltham Forest: Bridge Road / Hibbert Road,Alfen 22kW,Believ (EV),E17 8HF,Waltham Forest,51.571575,-0.029818
GB-LCL-A0680,[GB-LCL-A0680] Waltham Forest: Bridge Road / Hibbert Road / ACE0166177 / E17 8HF,Alfen 22kW,Believ (EV),E17 8HF,Waltham Forest,51.571575,-0.029818
GB-LCL-A0680,[GB-LCL-A0680] Waltham Forest: Bridge Road / Hibbert Road / E17 8HF,Alfen 22kW,Believ (EV),E17 8HF,Waltham Forest,51.571575,-0.029818
GB-LCL-A0682,[GB-LCL-A0682] Croydon: Opp. 1 Horsley Drive / ACE0197262 / CR0 0QW,Alfen 7kW,Believ (EV),CR0 0QW,Croydon,51.349787,-0.016352
GB-LCL-A0683,[GB-LCL-A0683] Ealing: Kathleen Avenue / ACE0197242 / W3 0PW,Alfen 22kW,Believ (EV),W3 0PW,Ealing,51.523149,-0.267272
GB-LCL-A0684,[GB-LCL-A0684] Ealing: Kathleen Avenue / ACE0197282 / vW3 0PW,Alfen 22kW,Believ (EV),W3 0PW,Ealing,51.523149,-0.267272
GB-LCL-A0685,[GB-LCL-A0685] 1-13 Spencer Street,Alfen 22kW,Believ (EV),UB2 5BH,Ealing,51.503614,-0.391168
GB-LCL-A0686,[GB-LCL-A0686] 1-13 Spencer Street,Alfen 22kW,Believ (EV),UB2 5BH,Ealing,51.503614,-0.391168
GB-LCL-A0687,[GB-LCL-A0687] Ealing: Norwood Green Road / ACE0197255 / UB2 4LA,Alfen 22kW,Believ (EV),UB2 4LA,Ealing,51.494712,-0.370508
GB-LCL-A0688,[GB-LCL-A0688] Ealing: Norwood Green Road / ACE0197254 / UB2 4LA,Alfen 22kW,Believ (EV),UB2 4LA,Ealing,51.494712,-0.370508
GB-LCL-A0689,[GB-LCL-A0689] Uxbridge Road,Alfen 22kW,Believ (EV),UB1 3HL,Ealing,51.51139,-0.36783
GB-LCL-A0690,[GB-LCL-A0690] Uxbridge Road,Alfen 22kW,Believ (EV),UB1 3HL,Ealing,51.51139,-0.36783
GB-LCL-A0691,[GB-LCL-A0691] Ealing: Windmill Avenue / ACE0197283 / UB2 4XE,Alfen 22kW,Believ (EV),UB2 4XE,Ealing,51.507458,-0.354609
GB-LCL-A0692,[GB-LCL-A0692] Ealing: Grange Court / 1 Grange Road / ACE0197257 / W5 5QW,Alfen 22kW,Believ (EV),W5 5QW,Ealing,51.509238,-0.305113
GB-LCL-A0693,[GB-LCL-A0693] Ealing: Grange Court / 1 Grange Road / ACE0197268 / W5 5QW,Alfen 22kW,Believ (EV),W5 5QW,Ealing,51.509238,-0.305113
GB-LCL-A0694,[GB-LCL-A0694] Ealing: Birkbeck Road / Side of 11-13 Churchfield Road / ACE0197279 / W3 6BD,Alfen 22kW,Believ (EV),W3 6BD,Ealing,51.50872,-0.26381
GB-LCL-A0695,[GB-LCL-A0695] Waltham Forest: Essex Road South / ACE0197234 / E11 1JR,Alfen 22kW,Believ (EV),E11 1JR,Waltham Forest,51.572504,0.000816
GB-LCL-A0696,[GB-LCL-A0696] Waltham Forest: Essex Road South / ACE0197281 / E11 1JR,Alfen 22kW,Believ (EV),E11 1JR,Waltham Forest,51.572504,0.000816
GB-LCL-A0697,[GB-LCL-A0697] Waltham Forest: Opposite 14 Wiseman Road / ACE0197237 /  E10 7BU,Alfen 22kW,Believ (EV),E10 7BU,Waltham Forest,51.564902,-0.021209
GB-LCL-A0698,[GB-LCL-A0698] Waltham Forest: Opposite 14 Wiseman Road / ACE0197221 / E10 7BU,Alfen 22kW,Believ (EV),E10 7BU,Waltham Forest,51.564902,-0.021209
GB-LCL-A0699,[GB-LCL-A0699] Waltham Forest: Edward Road / ACE0197259 / E17 6NX,Alfen 22kW,Believ (EV),E17 6NX,Waltham Forest,51.580655,-0.039172
GB-LCL-A0700,[GB-LCL-A0700] Ealing: 142a Rugby Road / ACE0197223 / W4 1AW,Alfen 22kW,Believ (EV),W4 1AW,Ealing,51.502657,-0.257779
GB-LCL-A0701,[GB-LCL-A0701] Ealing: 142a Rugby Road / ACE0197229 / W4 1AW,Alfen 22kW,Believ (EV),W4 1AW,Ealing,51.502657,-0.257779
GB-LCL-A0702,[GB-LCL-A0702] Ealing: 103 Mill Hill Road / ACE0197214 / W3 8HG,Alfen 22kW,Believ (EV),W3 8HG,Ealing,51.50549,-0.27838
GB-LCL-A0703,[GB-LCL-A0703] Ealing: 103 Mill Hill Road / ACE0422351,Alfen 22kW,Believ (EV),W3 8HG,Ealing,51.50549,-0.27838
GB-LCL-A0704,[GB-LCL-A0704] Chesterfield Road / Adjacent 43 Epsom Road,Alfen 22kW,Believ (EV),E10 6EW,Waltham Forest,51.574287,-0.005657
GB-LCL-A0704,[GB-LCL-A0704] Waltham Forest: Chesterfield Road / Adjacent 43 Epsom Road,Alfen 22kW,Believ (EV),E10 6EW,Waltham Forest,51.574287,-0.005657
GB-LCL-A0704,[GB-LCL-A0704] Waltham Forest: Chesterfield Road / Adjacent 43 Epsom Road / ACE0197265 / E10 6EW,Alfen 22kW,Believ (EV),E10 6EW,Waltham Forest,51.574287,-0.005657
GB-LCL-A0706,[GB-LCL-A0706] Airthrie Rd,Alfen 22kW,Believ (EV),IG3 9QL,Redbridge,51.564222,0.114598
GB-LCL-A0706,[GB-LCL-A0706] Redbridge: Airthrie Rd,Alfen 22kW,Believ (EV),IG3 9QL,Redbridge,51.564222,0.114598
GB-LCL-A0706,[GB-LCL-A0706] Redbridge: Airthrie Road / ACE0422811 / IG3 9QL,Alfen 22kW,Believ (EV),IG3 9QL,Redbridge,51.564222,0.114598
GB-LCL-A0751,[GB-LCL-A0751] 38 The Avenue,Alfen 22kW,Believ (EV),W4 1HS,Ealing,51.499697,-0.256412
GB-LCL-A0752,[GB-LCL-A0752] 38 The Avenue,Alfen 22kW,Believ (EV),W4 1HS,Ealing,51.499697,-0.256412
GB-LCL-A0754,[GB-LCL-A0754] Arundel Close,Alfen 22kW,Believ (EV),E15 1UH,Waltham Forest,51.552356,0.008111
GB-LCL-A0754,[GB-LCL-A0754] Waltham Forest: Arundel Close,Alfen 22kW,Believ (EV),E15 1UH,Waltham Forest,51.552356,0.008111
GB-LCL-A0754,[GB-LCL-A0754] Waltham Forest: Arundel Close / ACE0422389 / E15 1UH,Alfen 22kW,Believ (EV),E15 1UH,Waltham Forest,51.552356,0.008111
GB-LCL-A0755,[GB-LCL-A0755] Waltham Forest: Kingswood Road / ACE0422384 / E11 1SF,Alfen 22kW,Believ (EV),E11 1SF,Waltham Forest,51.570294,0.008893
GB-LCL-A0756,[GB-LCL-A0756] Waltham Forest: Kingswood Road / ACE0422378 / E11 1SF,Alfen 22kW,Believ (EV),E11 1SF,Waltham Forest,51.570294,0.008893
GB-LCL-A0757,[GB-LCL-A0757] Waltham Forest: Stocksfield Road / ACE0189320 / E17 3LU,Alfen 22kW,Believ (EV),E17 3LU,Waltham Forest,51.587596,-0.002618
GB-LCL-A0758,[GB-LCL-A0758] Waltham Forest: Stocksfield Road / ACE0422400 / E17 3LU,Alfen 22kW,Believ (EV),E17 3LU,Waltham Forest,51.587596,-0.002618
GB-LCL-A0761,[GB-LCL-A0761] Redbridge: 45 Abbotsford Rd / ACE0422816 / IG3 9QX,Alfen 22kW,Believ (EV),IG3 9QX,Redbridge,51.560072,0.115234
GB-LCL-A0762,[GB-LCL-A0762] Opposite 21 Chudleigh Crescent,Alfen 22kW,Believ (EV),IG3 9AT,Redbridge,51.55144,0.094122
GB-LCL-A0763,[GB-LCL-A0763] Redbridge: 34 Riverdene Avenue / ACE0422804 / IG1 2AA,Alfen 22kW,Believ (EV),IG1 2AA,Redbridge,51.5557889,0.06827667
GB-LCL-A0764,[GB-LCL-A0764] Redbridge: Opposite 10 Oxford Road / ACE0422817 / IG1 2XG,,Believ (EV),IG1 2XG,Redbridge,51.550035,0.07995464
GB-LCL-A0766,[GB-LCL-A0766] Croydon: Heath Road / ACE0165857 / CR7 8NF,Alfen 7kW,Believ (EV),CR7 8NF,Croydon,51.403225,-0.098232
GB-LCL-A0768,[GB-LCL-A0768] Croydon: 14 Beulah Crescent / ACE0189204 / CR7 8JL,Alfen 7kW,Believ (EV),CR7 8JL,Croydon,51.405812,-0.098406
GB-LCL-A0772,[GB-LCL-A0772] King Georges Car Park / 1-3 Hartswood Cl (Big),Tritium 50kW,Believ (EV),CM13 2AH,Brentwood,51.611195,0.315568
GB-LCL-A0775,[GB-LCL-A0775] Brentwood: Chatham Way Car Park / 1 Ropers Yard,Tritium 50kW,Believ (EV),CM14 4BG,Brentwood,51.618784,0.300631
GB-LCL-A0775,[GB-LCL-A0775] Brentwood: Chatham Way Car Park / 1 Ropers Yard / veefil-602200581 / CM14 4BG,Tritium 50kW,Believ (EV),CM14 4BG,Brentwood,51.618784,0.300631
GB-LCL-A0775,[GB-LCL-A0775] Chatham Way Car Park / 1 Ropers Yard,Tritium 50kW,Believ (EV),CM14 4BG,Brentwood,51.618784,0.300631
GB-LCL-A0776,[GB-LCL-A0776] Brentwood: King Georges Car Park / 1-3 Hartswood Cl (Big) / veefil-602200575 / CM13 2AH,Tritium 50kW,Believ (EV),CM13 2AH,Brentwood,51.611195,0.315568
GB-LCL-A0777,[GB-LCL-A0777] King Georges Car Park / 1-3 Hartswood Cl (Big),Tritium 50kW,Believ (EV),CM13 2AH,Brentwood,51.611195,0.315568
GB-LCL-A0782,[GB-LCL-A0782] Brentwood: Chatham Way Car Park / 1 Ropers Yard,Tritium 50kW,Believ (EV),CM14 4BG,Brentwood,51.618784,0.300631
GB-LCL-A0782,[GB-LCL-A0782] Brentwood: Chatham Way Car Park / 1 Ropers Yard / Believ,Tritium 50kW,Believ (EV),CM14 4BG,Brentwood,51.618784,0.300631
GB-LCL-A0782,[GB-LCL-A0782] Brentwood: Chatham Way Car Park / 1 Ropers Yard / Veefil-602200582 / CM14 4BG,Tritium 50kW,Believ (EV),CM14 4BG,Brentwood,51.618784,0.300631
GB-LCL-A0785,[GB-LCL-A0785] Gosport: Marine Parade Car Park / veefil-602200577 / PO13 9LY,Tritium 50kW,Believ (EV),PO13 9LY,Gosport,50.80226,-1.20437
GB-LCL-A0786,[GB-LCL-A0786] Gosport: Marine Parade Car Park / veefil-602200580 / PO13 9LY,Tritium 50kW,Believ (EV),PO13 9LY,Gosport,50.80226,-1.20437
GB-LCL-A0792,[GB-LCL-A0792] Redbridge: Hazeldene Road / Abbottsford Road / ACE0422849 / IG3 9QZ,Alfen 22kW,Believ (EV),IG3 9QZ,Redbridge,51.560197,0.11561573
GB-LCL-A0793,[GB-LCL-A0793] Redbridge: Winchester Road / Side of 49 Sunnyside Road / ACE0493457 / IG1 1HX,Alfen 22kW,Believ (EV),IG1 1HX,Redbridge,51.55672026,0.08347402
GB-LCL-A0794,[GB-LCL-A0794] Redbridge: 43-39 Greenstead Ave / ACE0422904 / IG8 7HE,Alfen 22kW,Believ (EV),IG8 7HE,Redbridge,51.604449,0.038709
GB-LCL-A0795,[GB-LCL-A0795] Redbridge: Sunnyside Road / Side of 265 Kingston Road / ACE0422850 / IG1 1HY,Alfen 22kW,Believ (EV),IG1 1HY,Redbridge,51.554284,0.084301
GB-LCL-A0796,[GB-LCL-A0796] Redbridge: Woodlands Road / Side of 114 Mortake Road / ACE0422832 / IG1 2SZ,Alfen 22kW,Believ (EV),IG1 2SZ,Redbridge,51.550891,0.08019
GB-LCL-A0798,[GB-LCL-A0798] Redbridge: Meadway / Side of 42 Dawlish Drive / ACE0422608 / IG3 9BH,Alfen 22kW,Believ (EV),IG3 9BH,Redbridge,51.55213,0.096556
GB-LCL-A0799,[GB-LCL-A0799] Redbridge: Frimley Road / Side of 124 Betchworth Road / ACE0422886 / IG3 9JH,Alfen 22kW,Believ (EV),IG3 9JH,Redbridge,51.556372,0.095176
GB-LCL-A0801,[GB-LCL-A0801] Redbridge: Esher Road / Side of 75 Holmwood Road / ACE0422896 / IG3 9XZ,Alfen 22kW,Believ (EV),IG3 9XZ,Redbridge,51.558224,0.096997
GB-LCL-A0802,[GB-LCL-A0802] Redbridge: Haslemere Rd / Side of 373 Green Lane / ACE0422874 / IG3 8DR,Alfen 22kW,Believ (EV),IG3 8DR,Redbridge,51.561313,0.100478
GB-LCL-A0804,[GB-LCL-A0804] Arundel Gardens,Alfen 22kW,Believ (EV),IG3 9SX,Redbridge,51.562559,0.10760128
GB-LCL-A0804,[GB-LCL-A0804] Redbridge: Arundel Gardens,Alfen 22kW,Believ (EV),IG3 9SX,Redbridge,51.562559,0.10760128
GB-LCL-A0804,[GB-LCL-A0804] Redbridge: Arundel Gardens / ACE0422881 / IG3 9SX,Alfen 22kW,Believ (EV),IG3 9SX,Redbridge,51.562559,0.10760128
GB-LCL-A0805,[GB-LCL-A0805] Redbridge: Aberdour Road / side of 33 Abbotsford Road / ACE0422652 / IG3 9QX,Alfen 22kW,Believ (EV),IG3 9QX,Redbridge,51.56045,0.113141
GB-LCL-A0806,[GB-LCL-A0806] Redbridge: Sunnyside Road / Mortlake Road / ACE0493473 / IG1 2TA,Alfen 22kW,Believ (EV),IG1 2TA,Redbridge,51.552361,0.08524507
GB-LCL-A0807,[GB-LCL-A0807] Redbridge: 252-222 Dawlish Drive / ACE0422601 / IG3 9BX,Alfen 22kW,Believ (EV),IG3 9BX,Redbridge,51.554155,0.108004
GB-LCL-A0808,[GB-LCL-A0808] Redbridge: Granton Road / Side of 29 Ashgrove Road / ACE0422654 / IG3 9XE,Alfen 22kW,Believ (EV),IG3 9XE,Redbridge,51.564366,0.107601
GB-LCL-A0809,[GB-LCL-A0809] Redbridge: Dunedin Road / Side of 303 Thorold Road / ACE0422621 / IG1 4HE,Alfen 22kW,Believ (EV),IG1 4HE,Redbridge,51.566352,0.082207
GB-LCL-A0810,[GB-LCL-A0810] Redbridge: Opposite 8 Heathcote Avenue / ACE0422613 / IG5 0QS,Alfen 22kW,Believ (EV),IG5 0QS,Redbridge,51.59352062,0.06298436
GB-LCL-A0811,[GB-LCL-A0811] Aragon Drive / outside 16 Aragon Court,Alfen 22kW,Believ (EV),IG6 2TQ,Redbridge,51.603353,0.083354
GB-LCL-A0811,[GB-LCL-A0811] Redbridge: Aragon Drive / outside 16 Aragon Court,Alfen 22kW,Believ (EV),IG6 2TQ,Redbridge,51.603353,0.083354
GB-LCL-A0811,[GB-LCL-A0811] Redbridge: Aragon Drive / Outside 16 Aragon Court / ACE0422810 / IG6 2TQ,Alfen 22kW,Believ (EV),IG6 2TQ,Redbridge,51.603353,0.083354
GB-LCL-A0813,[GB-LCL-A0813] Redbridge: Perth Road / ACE0422808 / IG2 6DZ,Alfen 22kW,Believ (EV),IG2 6DZ,Redbridge,51.571847,0.07546485
GB-LCL-A0814,[GB-LCL-A0814] Redbridge: Toronto Road / Side of 80 Coventry Road / ACE0422634 / IG1 4RE,Alfen 22kW,Believ (EV),IG1 4RE,Redbridge,51.5662837,0.07716332
GB-LCL-A0815,[GB-LCL-A0815] Redbridge: Rochford Avenue / side of 155 Brian Road / ACE0422649 / RM6 5DD,Alfen 22kW,Believ (EV),RM6 5DD,Redbridge,51.580919,0.125938
GB-LCL-A0816,[GB-LCL-A0816] Redbridge: Golfe Road / Gordon Road / ACE0422903 / IG1 1SU,Alfen 22kW,Believ (EV),IG1 1SU,Redbridge,51.556025,0.08627328
GB-LCL-A0817,[GB-LCL-A0817] Redbridge: South Park Road / ACE0422885 / IG1 1SS,Alfen 22kW,Believ (EV),IG1 1SS,Redbridge,51.556571,0.089364
GB-LCL-A0818,[GB-LCL-A0818] Redbridge: Hampton Road / Side 137 of Richmond Road / ACE0422852 / IG1 1JT,Alfen 22kW,Believ (EV),IG1 1JT,Redbridge,51.552775,0.081595
GB-LCL-A0819,[GB-LCL-A0819] Fosse Way,Alfen 22kW,Believ (EV),W13 0DB,Ealing,51.5237,-0.323982
GB-LCL-A0820,[GB-LCL-A0820] Ealing: Fosse Way / ACE0493498 / W13 0DB,Alfen 22kW,Believ (EV),W13 0DB,Ealing,51.5237,-0.323982
GB-LCL-A0821,[GB-LCL-A0821] Redbridge: Selborne Road / ACE0493465 / IG1 3AF,Alfen 22kW,Believ (EV),IG1 3AF,Redbridge,51.5591184,0.0657775
GB-LCL-A0822,[GB-LCL-A0822] Christchurch Road,Alfen 22kW,Believ (EV),IG1 4EZ,Redbridge,51.5631831,0.0786719
GB-LCL-A0822,[GB-LCL-A0822] Redbridge: Christchurch Road,Alfen 22kW,Believ (EV),IG1 4EZ,Redbridge,51.5631831,0.0786719
GB-LCL-A0822,[GB-LCL-A0822] Redbridge: Christchurch Road / ACE0493474 / IG1 4EZ,Alfen 22kW,Believ (EV),IG1 4EZ,Redbridge,51.5631831,0.0786719
GB-LCL-A0824,[GB-LCL-A0824] Redbridge: Crescent Road / ACE0493493 / E18 1EP,Alfen 22kW,Believ (EV),E18 1EP,Redbridge,51.59695814,0.03699104
GB-LCL-A0825,[GB-LCL-A0825] Calne Avenue,Alfen 22kW,Believ (EV),IG5 0XB,Redbridge,51.5974271,0.072305
GB-LCL-A0825,[GB-LCL-A0825] Redbridge: Calne Avenue,Alfen 22kW,Believ (EV),IG5 0XB,Redbridge,51.5974271,0.072305
GB-LCL-A0825,[GB-LCL-A0825] Redbridge: Calne Avenue / ACE0422806 / IG5 0XB,Alfen 22kW,Believ (EV),IG5 0XB,Redbridge,51.5974271,0.072305
GB-LCL-A0826,[GB-LCL-A0826] Redbridge: Granville Road / ACE0493470 / IG1 4JY,Alfen 22kW,Believ (EV),IG1 4JY,Redbridge,51.563345,0.0713588
GB-LCL-A0827,[GB-LCL-A0827] Redbridge: Repton Grove / ACE0422809 / IG5 0RN,Alfen 22kW,Believ (EV),IG5 0RN,Redbridge,51.597026,0.0603199
GB-LCL-A0828,[GB-LCL-A0828] Redbridge: The Glade / ACE0493459 / IG5 0NJ,Alfen 22kW,Believ (EV),IG5 0NJ,Redbridge,51.5952133,0.0597418
GB-LCL-A0829,[GB-LCL-A0829] Redbridge: Hamilton Avenue / ACE0422803 / IG6 1AA,Alfen 22kW,Believ (EV),IG6 1AA,Redbridge,51.5794523,0.0820548
GB-LCL-A0831,[GB-LCL-A0831] Newham: Oppsite 64 Melford Road / ACE0493256 / E6 3QY,Alfen 22kW,Believ (EV),E6 3QY,Newham,51.523318,0.054379
GB-LCL-A0832,[GB-LCL-A0832] Redbridge: Wanstead Park Road / ACE0493492 / IG1 3UA,Alfen 22kW,Believ (EV),IG1 3UA,Redbridge,51.5739919,0.0465491
GB-LCL-A0833,[GB-LCL-A0833] Redbridge: Netley Road / ACE0493477 / IG2 7NF,Alfen 22kW,Believ (EV),IG2 7NF,Redbridge,51.5785112,0.0864147
GB-LCL-A0834,[GB-LCL-A0834] Colenso Road,Alfen 22kW,Believ (EV),IG2 7AZ,Redbridge,51.5700291,0.0936617
GB-LCL-A0834,[GB-LCL-A0834] Redbridge: Colenso Road,Alfen 22kW,Believ (EV),IG2 7AZ,Redbridge,51.5700291,0.0936617
GB-LCL-A0834,[GB-LCL-A0834] Redbridge: Colenso Road / ACE0422807 / IG2 7AZ,Alfen 22kW,Believ (EV),IG2 7AZ,Redbridge,51.5700291,0.0936617
GB-LCL-A0835,[GB-LCL-A0835] Waltham Forest: Shernall Street / ACE0422815 / E17 9DZ,Alfen 22kW,Believ (EV),E17 9DZ,Waltham Forest,51.579574,-0.005698
GB-LCL-A0837,[GB-LCL-A0837] Albert Road,Alfen 22kW,Believ (EV),E18 1LJ,Redbridge,51.5909005,0.0313339
GB-LCL-A0837,[GB-LCL-A0837] Redbridge: Albert Road,Alfen 22kW,Believ (EV),E18 1LJ,Redbridge,51.5909005,0.0313339
GB-LCL-A0837,[GB-LCL-A0837] Redbridge: Albert Road / ACE0422814 / E18 1LJ,Alfen 22kW,Believ (EV),E18 1LJ,Redbridge,51.5909005,0.0313339
GB-LCL-A0838,[GB-LCL-A0838] Redbridge: Oakdale Road / ACE0493454 / E18 1JX,,Believ (EV),E18 1JX,Redbridge,51.5925031,0.0330475
GB-LCL-A0839,[GB-LCL-A0839] Redbridge: Fencepiece Road / ACE0493310 / IG6 2ST,Alfen 22kW,Believ (EV),IG6 2ST,Redbridge,51.6038198,0.0841235
GB-LCL-A0840,[GB-LCL-A0840] Ealing: 22 Fowlers Walk / ACE0422828 / W5 1BD,"Alfen 22kW
",Believ (EV),W5 1BD,Ealing,51.528336,-0.304635
GB-LCL-A0841,[GB-LCL-A0841] Redbridge: Ilford Lane / ACE0493303 / IG1 2SF,Alfen 22kW,Believ (EV),IG1 2SF,Redbridge,51.549532,0.075295
GB-LCL-A0842,[GB-LCL-A0842] Baxter Road,Alfen 22kW,Believ (EV),IG1 2HN,Redbridge,51.54867996,0.0712834
GB-LCL-A0842,[GB-LCL-A0842] Baxter Road,Alfen 22kW,Believ (EV),IG1 2HN,Redbridge,51.54867996,0.0712834
GB-LCL-A0842,[GB-LCL-A0842] Redbridge: Baxter Road,Alfen 22kW,Believ (EV),IG1 2HN,Redbridge,51.54867996,0.0712834
GB-LCL-A0843,[GB-LCL-A0843] Redbridge: Kelvedon Avenue / ACE0422846 / IG8 8AN,Alfen 22kW,Believ (EV),IG8 8AN,Redbridge,51.6083965,0.0575488
GB-LCL-A0844,[GB-LCL-A0844] Ilford: Uphall Road / ACE0241542 / IG1 2JE,Alfen 22kW,Believ (EV),IG1 2JE,Ilford,51.547054,0.072906
GB-LCL-A0845,[GB-LCL-A0845] Redbridge: Loxford Lane / ACE0493300 / IG1 2SA,Alfen 22kW,Believ (EV),IG1 2SA,Redbridge,51.546942,0.0803825
GB-LCL-A0846,[GB-LCL-A0846] Ilford: O/S Alfred Prior House Grantham Road / ACE0493298 / E12 5NA,Alfen 22kw,Believ (EV),E12 5NA,Ilford,51.551458,0.065442
GB-LCL-A0847,[GB-LCL-A0847] Croydon: Hatch Road / ACE0136576 / SW16 4PW,Alfen 7kW,Believ (EV),SW16 4PW,Croydon,51.4081,-0.125213
GB-LCL-A0849,[GB-LCL-A0849] Croydon: Hatch Road / ACE0136588 / SW16 4PW,Alfen 7kW,Believ (EV),SW16 4PW,Croydon,51.4081,-0.125213
GB-LCL-A0850,[GB-LCL-A0850] Redbridge: Newlands Road / ACE0166140 / IG8 0FB,Alfen 22kW,Believ (EV),IG8 0FB,Redbridge,51.624764,0.02160751
GB-LCL-A0851,[GB-LCL-A0851] Redbridge: Virginia Gardens / ACE0166151 / IG6 1PP,Alfen 22kW,Believ (EV),IG6 1PP,Redbridge,51.59194333,0.08480932
GB-LCL-A0852,[GB-LCL-A0852] Redbridge: Longwood Gardens / ACE0166124 / IG5 0EP,Alfen 22kW,Believ (EV),IG5 0EP,Redbridge,51.587918,0.071049
GB-LCL-A0854,[GB-LCL-A0854] Gosport: No. 2 Battery East Car Park / ACE0493489 / PO12 2QU,Alfen 22kW,Believ (EV),PO12 2QU,Gosport,50.786773,-1.167516
GB-LCL-A0855,[GB-LCL-A0855] Gosport: No. 2 Battery East Car Park / ACE0493325 / PO12 2QU,Alfen 22kW,Believ (EV),PO12 2QU,Gosport,50.786773,-1.167516
GB-LCL-A0856,[GB-LCL-A0856] Brentwood: King Georges Car Park / 1-3 Hartswood Cl (Small) / ACE0422840 / CM13 2AH,Alfen 22kW,Believ (EV),CM13 2AH,Brentwood,51.611195,0.315568
GB-LCL-A0860,[GB-LCL-A0860] Broadmead Road,Alfen 22kW,Believ (EV),IG8 8PF,Redbridge,51.6009036,0.0439715
GB-LCL-A0860,[GB-LCL-A0860] Redbridge: Broadmead Road,Alfen 22kW,Believ (EV),IG8 8PF,Redbridge,51.6009036,0.0439715
GB-LCL-A0860,[GB-LCL-A0860] Redbridge: Broadmead Road / ACE0166123 / IG8 8PF,Alfen 22kW,Believ (EV),IG8 8PF,Redbridge,51.6009036,0.0439715
GB-LCL-A0861,[GB-LCL-A0861] Waltham Forest: Woodville Road / ACE0493243 / E11 3BP,Alfen 22kW,Believ (EV),E11 3BP,Waltham Forest,51.56723,0.016456
GB-LCL-A0863,[GB-LCL-A0863] Newham: 129 Crofton Road / ACE0493432,Alfen 22kW,Believ (EV),E13 8QT,Newham,51.52402666,0.03014774
GB-LCL-A0865,[GB-LCL-A0865] Brentwood: King Georges Car Park / 1-3 Hartswood Cl (Small) / ACE0422802 / CM13 2AH,Alfen 22kW,Believ (EV),CM13 2AH,Brentwood,51.611195,0.315568
GB-LCL-A0866,[GB-LCL-A0866] Brentwood: King Georges Car Park / 1-3 Hartswood Close (Big) / ACE0422848 / CM13 2FD,Alfen 22kW,Believ (EV),CM13 2FD,Brentwood,51.611195,0.315568
GB-LCL-A0867,[GB-LCL-A0867] Hammersmith & Fulham: Trussley Road,Alfen 22kW,Believ (EV),W6 7HE,Hammersmith & Fulham,51.49817621,-0.22686828
GB-LCL-A0870,[GB-LCL-A0870] King Georges Car Park / 1-3 Hartswood Cl (Big),Alfen 22kW,Believ (EV),CM13 2AH,Brentwood,51.611195,0.315568
GB-LCL-A0871,[GB-LCL-A0871] Redbridge: Pulteney Road / ACE0493199 / E18 1PS,Alfen 22kW,Believ (EV),E18 1PS,Redbridge,51.5911984,0.0282313
GB-LCL-A0872,[GB-LCL-A0872] Waltham Forest: Galeborough Road / ACE0493166 / IG8 9LU,Alfen 22kW,Believ (EV),IG8 9LU,Waltham Forest,51.603489,0.00285
GB-LCL-A0873,[GB-LCL-A0873] Aldborough Road North,Alfen 22kW,Believ (EV),IG2 7SZ,Redbridge,51.5821262,0.1011863
GB-LCL-A0873,[GB-LCL-A0873] Redbridge: Aldborough Road North,Alfen 22kW,Believ (EV),IG2 7SZ,Redbridge,51.5821262,0.1011863
GB-LCL-A0873,[GB-LCL-A0873] Redbridge: Aldborough Road North / ACE0493103 / IG2 7SZ,Alfen 22kW,Believ (EV),IG2 7SZ,Redbridge,51.5821262,0.1011863
GB-LCL-A0874,"[GB-LCL-A0874] Kimberely Road, / outside Sudeley Court / E17 5EE / ACE0493111",,Believ (EV),E17 5EE,,51.59986124,-0.02805329
GB-LCL-A0875,[GB-LCL-A0875] Waltham Forest: Elmsfield Road / ACE0493105 / E4 7HU,Alfen 22kW,Believ (EV),E4 7HU,Waltham Forest,51.626502,0.002939
GB-LCL-A0876,[GB-LCL-A0876] Waltham Forest: St Egberts Way / ACE0493125 / E4 6AF,"Alfen 22kW
",Believ (EV),E4 6AF,Waltham Forest,51.63048773,-0.00381411
GB-LCL-A0877,[GB-LCL-A0877] Blenheim Road,Alfen 22kW,Believ (EV),E17 6JA,Waltham Forest,51.5899279,-0.03545024
GB-LCL-A0877,[GB-LCL-A0877] Waltham Forest: Blenheim Road,Alfen 22kW,Believ (EV),E17 6JA,Waltham Forest,51.5899279,-0.03545024
GB-LCL-A0877,[GB-LCL-A0877] Waltham Forest: Blenheim Road / ACE0493145 / E17 6JA,Alfen 22kW,Believ (EV),E17 6JA,Waltham Forest,51.5899279,-0.03545024
GB-LCL-A0878,[GB-LCL-A0878] Blenheim Road,Alfen 22kW,Believ (EV),E17 6JA,Waltham Forest,51.5899279,-0.03545024
GB-LCL-A0878,[GB-LCL-A0878] Waltham Forest: Blenheim Road,Alfen 22kW,Believ (EV),E17 6JA,Waltham Forest,51.5899279,-0.03545024
GB-LCL-A0878,[GB-LCL-A0878] Waltham Forest: Blenheim Road / ACE0493151 / E17 6JA,Alfen 22kW,Believ (EV),E17 6JA,Waltham Forest,51.5899279,-0.03545024
GB-LCL-A0879,[GB-LCL-A0879] Waltham Forest: Prospect Hill / ACE0493132 / E17 3EJ,Alfen 22kW,Believ (EV),E17 3EJ,Waltham Forest,51.587918,-0.009099
GB-LCL-A0880,[GB-LCL-A0880] Prospect Hill,Alfen 22kW,Believ (EV),E17 3EJ,Waltham Forest,51.587918,-0.009099
GB-LCL-A0881,[GB-LCL-A0881] Redbridge: Sherwood Avenue / ACE0493190 / E18 1PB,Alfen 22kW,Believ (EV),E18 1PB,Redbridge,51.58715,0.02947122
GB-LCL-A0882,[GB-LCL-A0882] Redbridge: Seymour Garden / ACE0493191 / IG1 3HF,Alfen 7kW,Believ (EV),IG1 3HF,Redbridge,51.5674483,0.0598669
GB-LCL-A0883,[GB-LCL-A0883] Waltham Forest: Roberts Road / ACE0493153 / E17 4LP,Alfen 22kW,Believ (EV),E17 4LP,Waltham Forest,51.597994,-0.014196
GB-LCL-A0884,[GB-LCL-A0884] Cheshunt Drive / side of 82 New Wanstead,Alfen 22kW,Believ (EV),E11 2SY,Redbridge,51.575435,0.019296
GB-LCL-A0884,[GB-LCL-A0884] Redbridge: Cheshunt Drive / side of 82 New Wanstead,Alfen 22kW,Believ (EV),E11 2SY,Redbridge,51.575435,0.019296
GB-LCL-A0884,[GB-LCL-A0884] Redbridge: Cheshunt Drive / side of 82 New Wanstead / ACE0493134 / E11 2SY,Alfen 22kW,Believ (EV),E11 2SY,Redbridge,51.575435,0.019296
GB-LCL-A0885,[GB-LCL-A0885] Redbridge: Grove Road / ACE0493173 / RM6 4DW,Alfen 22kW,Believ (EV),RM6 4DW,Redbridge,51.5755397,0.121543
GB-LCL-A0886,[GB-LCL-A0886] Redbridge: Millhaven Close / ACE0493100 / RM6 4PL,Alfen 22kW,Believ (EV),RM6 4PL,Redbridge,51.5748086,0.1191766
GB-LCL-A0888,[GB-LCL-A0888] Waltham Forest: South Birkbeck Road / ACE0493119 / E11 4JH,Alfen 22kW,Believ (EV),E11 4JH,Waltham Forest,51.557061,0.003053
GB-LCL-A0889,[GB-LCL-A0889] Redbridge: Merlin Road / ACE0493194 / E12 5DJ,Alfen 22kW,Believ (EV),E12 5DJ,Redbridge,51.560758,0.041432
GB-LCL-A0893,[GB-LCL-A0893] Redbridge: Roding Lane North / ACE0493195 / IG8 8LL,Alfen 22kW,Believ (EV),IG8 8LL,Redbridge,51.59509,0.0508832
GB-LCL-A0894,[GB-LCL-A0894] Redbridge: Oaks Lane / ACE0493160 / IG2 7QH,Alfen 22kW,Believ (EV),IG2 7QH,Redbridge,51.5826837,0.0999381
GB-LCL-A0895,[GB-LCL-A0895] Redbridge: 17-39 Suffolk Road / ACE0493188 / IG3 8JF,Alfen 22kW,Believ (EV),IG3 8JF,Redbridge,51.574016,0.096253
GB-LCL-A0896,[GB-LCL-A0896] Waltham Forest: Long Leys / ACE0493212 / E4 9ND,Alfen 22kW,Believ (EV),E4 9ND,Waltham Forest,51.607053,-0.007668
GB-LCL-A0897,[GB-LCL-A0897] Waltham Forest: Long Leys / ACE0493224 / E4 9ND,Alfen 22kW,Believ (EV),E4 9ND,Waltham Forest,51.607053,-0.007668
GB-LCL-A0898,[GB-LCL-A0898] Waltham Forest: Woodville Road / ACE0493215 / E11 3BP,Alfen 22kW,Believ (EV),E11 3BP,Waltham Forest,51.56723,0.016456
GB-LCL-A0899,[GB-LCL-A0899] Waltham Forest: Eatington Road / ACE0493219 /  E10 6DX,Alfen 22kW,Believ (EV),E10 6DX,Waltham Forest,51.57968172,-0.0003442
GB-LCL-A0900,[GB-LCL-A0900] Waltham Forest: Eatington Road / ACE0493208 / E10 6DX,Alfen 22kW,Believ (EV),E10 6DX,Waltham Forest,51.580762,0.000757
GB-LCL-A0901,[GB-LCL-A0901] Waltham Forest: Rolls Park Road / ACE0493238,Alfen 22kW,Believ (EV),E4 9BY,Waltham Forest,51.612,-0.013558
GB-LCL-A0902,[GB-LCL-A0902] Ealing: Townsend Road / ACE0493204 / UB1 1HA,Alfen 22kW,Believ (EV),UB1 1HA,Ealing,51.512293,-0.385069
GB-LCL-A0903,[GB-LCL-A0903] Ealing: Townsend Road / ACE0493220 / UB1 1HA,Alfen 22kW,Believ (EV),UB1 1HA,Ealing,51.512293,-0.385069
GB-LCL-A0904,[GB-LCL-A0904] Ealing: North Road / ACE0493228 / W5 4QP,Alfen 22kW,Believ (EV),W5 4QP,Ealing,51.497886,-0.305475
GB-LCL-A0905,[GB-LCL-A0905] North Road,Alfen 22kW,Believ (EV),W5 4QP,Ealing,51.497886,-0.305475
GB-LCL-A0907,[GB-LCL-A0907] Newham: Opposite 143 Church Street / ACE0493417 / E15 3EH,Alfen 22kW,Believ (EV),E15 3EH,Newham,51.534672,0.01107
GB-LCL-A0908,[GB-LCL-A0908] Newham: 52 Gainsborough Road / ACE0493412 / E15 3AG,Alfen 22kW,Believ (EV),E15 3AG,Newham,51.524929,0.010003
GB-LCL-A0909,[GB-LCL-A0909] Redbridge: Outside no 89 / Ray Lodge Road / ACE0493360 / IG8 7PE,,Believ (EV),IG8 7PE,Redbridge,51.608575,0.042611
GB-LCL-A0910,[GB-LCL-A0910] Ealing: Guerney Road / ACE0493242 / UB5 6LJ,Alfen 22kW,Believ (EV),UB5 6LJ,Ealing,51.5341,-0.39782
GB-LCL-A0912,[GB-LCL-A0912] Ealing: Guerney Road / ACE0493143 / UB5 6LJ,Alfen 22kW,Believ (EV),UB5 6LJ,Ealing,51.5341,-0.39782
GB-LCL-A0913,[GB-LCL-A0913] Newham: Opposite 5-6 Elm Road / ACE0493413 / E7 9HY,Alfen 22kW,Believ (EV),E7 9HY,Newham,51.544003,0.016841
GB-LCL-A0914,[GB-LCL-A0914] Newham: Opposite 157 Roman Road / ACE0493234 / E6 3SP,Alfen 22kW,Believ (EV),E6 3SP,Newham,51.520551,0.052317
GB-LCL-A0915,[GB-LCL-A0915] Newham: Opposite 26 Southend Road / ACE0493225 / E6 2AA,Alfen 22kW,Believ (EV),E6 2AA,Newham,51.539536,0.054684
GB-LCL-A0916,[GB-LCL-A0916] Brentwood: Chatham Way Car Park / 1 Ropers Yard / ACE0493321 / CM14 4BG,Alfen 22kW,Believ (EV),CM14 4BG,Brentwood,51.618784,0.300631
GB-LCL-A0917,[GB-LCL-A0917] Waltham Forest: Western Road / ACE0493213 / E17 9DX,Alfen 22kW,Believ (EV),E17 9DX,Waltham Forest,51.580348,-0.00430197
GB-LCL-A0920,[GB-LCL-A0920] Newham: Selwyn Road / Flank Wall of 34 Crescent Road / ACE0493157 /  E13 0LT,,Believ (EV), E13 0LT,Newham,51.535545,0.02445
GB-LCL-A0921,[GB-LCL-A0921] Waltham Forest: Lambourne Gardens / ACE0493230 / E4 7SG,Alfen 22kW,Believ (EV),E4 7SG,Waltham Forest,51.62560117,-0.01568567
GB-LCL-A0922,[GB-LCL-A0922] Waltham Forest: Leyton Green Road / ACE0493370 / E10 6BF,Alfen 22kW,Believ (EV),E10 6BF,Waltham Forest,51.57514,-0.008294
GB-LCL-A0924,[GB-LCL-A0924] Leyton Green Road,Alfen 22kW,Believ (EV),E10 6BF,Waltham Forest,51.57514,-0.008294
GB-LCL-A0925,[GB-LCL-A0925] Newham: 23 Vincent Street / ACE0493419 / E16 1LS,Alfen 22kW,Believ (EV),E16 1LS,Newham,51.515135,0.016219
GB-LCL-A0926,[GB-LCL-A0926] Newham: Opposite 2 Wythes Road / ACE0493448 / E16 2DN,Alfen 22kW,Believ (EV),E16 2DN,Newham,51.50227994,0.04735837
GB-LCL-A0928,[GB-LCL-A0928] Newham: 28 Woolwich Manor Way / ACE0493369 / E16 2NJ,Alfen 22kW,Believ (EV),E16 2NJ,Newham,51.500654,0.068937
GB-LCL-A0929,[GB-LCL-A0929] Newham: 70 Woodman Street / ACE0493468 / E16 2LS,Alfen 22kW,Believ (EV),E16 2LS,Newham,51.501081,0.06423
GB-LCL-A0930,[GB-LCL-A0930] Newham: O/S 45-55 Sussex Road / ACE0493424,Alfen 22kW,Believ (EV),E6 2PT,Newham,51.53247236,0.06534058
GB-LCL-A0931,[GB-LCL-A0931] Newham: Opposite 1A Napier Road / ACE0493455 / E6 2SE,Alfen 22kW,Believ (EV),E6 2SE,Newham,51.533412,0.06072
GB-LCL-A0932,[GB-LCL-A0932] Newham: 81 Wellstead Road / ACE0493411 / E6 6DE,Alfen 22kW,Believ (EV),E6 6DE,Newham,51.5282554,0.06257298
GB-LCL-A0933,[GB-LCL-A0933] Newham: 49 Southchurch Road / ACE0493402,Alfen 22kW,Believ (EV),E6 6DZ,Newham,51.529326,0.058883
GB-LCL-A0938,[GB-LCL-A0938] High Street,Tritium 50kW,Believ (EV),NN17 1UU,Northamptonshire North,52.490824,-0.682482
GB-LCL-A0957,[GB-LCL-A0957] 55 Parkhall Road,Tritium 50kW,Believ (EV),PE28 3HE,Somersham,52.38714591,0.00080795
GB-LCL-A0960,[GB-LCL-A0960] Broadway,Tritium 50kW,Believ (EV),W7 3ST,Ealing,51.50908273,-0.33767988
GB-LCL-A0960,[GB-LCL-A0960] Ealing: Broadway,Tritium 50kW,Believ (EV),W7 3ST,Ealing,51.50908273,-0.33767988
GB-LCL-A0960,[GB-LCL-A0960] Ealing: Broadway / Veefil-602200586 / W7 3ST,Tritium 50kW,Believ (EV),W7 3ST,Ealing,51.50908273,-0.33767988
GB-LCL-A0961,[GB-LCL-A0961] The Village Hall / The Lane / Awsworth CP,Tritium 50kW,Believ (EV),NG16 2QQ,Broxtowe,52.99041892,-1.28255676
GB-LCL-A0962,[GB-LCL-A0962] Ealing: 135-161 Northfield Avenue / veefil-602200574 / W13 9RT,Tritium 50kW,Believ (EV),W13 9RT,Ealing,51.502396,-0.316337
GB-LCL-A0964,[GB-LCL-A0964] Ealing: 16 Hanger Green / veefil-602200561 / W5 3EL,Tritium 50kW,Believ (EV),W5 3EL,Ealing,51.527033,-0.2855
GB-LCL-A0965,[GB-LCL-A0965] Ealing: Dorchester Road / veefil-602200587 / UB5 4PA,Tritium 50kW,Believ (EV),UB5 4PA,Ealing,51.557147,-0.359307
GB-LCL-A0970,[GB-LCL-A0970] Brook Street,Tritium 50kW,Believ (EV),NN9 6UF,Northamptonshire North,52.341826,-0.538112
GB-LCL-A0970,[GB-LCL-A0970] Brook Street,Tritium 50kW,Believ (EV),NN9 6UF,Northamptonshire North,52.341826,-0.538112
GB-LCL-A0970,[GB-LCL-A0970] Northamptonshire North: Brook Street,Tritium 50kW,Believ (EV),NN9 6UF,Northamptonshire North,52.341826,-0.538112
GB-LCL-A0971,[GB-LCL-A0971] Elizabeth Street,Tritium 50kW,Believ (EV),NN17 1PN,Northamptonshire North,52.488245,-0.699341
GB-LCL-A0972,[GB-LCL-A0972] Newham: Outside 9 County Road / ACE0493280 / E6 6NH,Alfen 22kW,Believ (EV),E6 6NH,Newham,51.51614,0.066943
GB-LCL-A0973,[GB-LCL-A0973] Broughton: Village Hall / High Street / Broughton Car Park / veefil-602200573,"Tritium 50kW
",Believ (EV),SO20 8AX,Broughton,51.09317474,-1.5590056
GB-LCL-A0974,[GB-LCL-A0974] Newham: Keppel Road flank of 46a Caufield Road / ACE0493281 / E6 2EN,Alfen 22kW,Believ (EV),E6 2EN,Newham,51.53686022,0.05446562
GB-LCL-A0980,[GB-LCL-A0980] The Village Hall / The Lane / Awsworth CP,Etrel 22kW,Believ (EV),NG16 2QQ,Broxtowe,52.99041892,-1.28255676
GB-LCL-A0981,[GB-LCL-A0981] Dawlish Road,Alfen 22kW,Believ (EV),E10 6QW,Waltham Forest,51.56308234,-0.00595279
GB-LCL-A0982,[GB-LCL-A0982] Newham: Opposite 3 Clifford Road / ACE0493450 / E16 4JW,Alfen 22kW,Believ (EV),E16 4JW,Newham,51.52096014,0.01026252
GB-LCL-A0987,[GB-LCL-A0987] Newham: Flank of 1 Liverpool Road / ACE0493405,,Believ (EV),E16 4RB,Newham,51.51737918,0.00755631
GB-LCL-A0988,[GB-LCL-A0988] Newham: 33 Market Street / ACE0493377 / E6 2RA,Alfen 22kW,Believ (EV),E6 2RA,Newham,51.530878,0.057522
GB-LCL-A0989,[GB-LCL-A0989] Newham: 1 Harcourt Avenue / ACE0493434 / E12 6DF,"Alfen 22kW
",Believ (EV),E12 6DF,Newham,51.548598,0.05754
GB-LCL-A0990,[GB-LCL-A0990] Newham: Opposite 51 Washington Avenue / ACE0493383 / E12 5JE,Alfen 22kW,Believ (EV),E12 5JE,Newham,51.55423564,0.05459208
GB-LCL-A0991,[GB-LCL-A0991] Newham: Opposite 7-11 Sheridan Road / ACE0493297 / E12 6QT,Alfen 22kW,Believ (EV),E12 6QT,Newham,51.54691392,0.05262693
GB-LCL-A0992,[GB-LCL-A0992] Newham: 33 Sandringham Road / ACE0493400 / E7 8ED,Alfen 22kW,Believ (EV),E7 8ED,Newham,51.546867,0.035909
GB-LCL-A0993,[GB-LCL-A0993] Northampton: 55 Semilong Rd / ACE0166149 / NN2 6BU,Alfen 22kW,Believ (EV),NN2 6BU,Northampton,52.247624,-0.900267
GB-LCL-A0994,[GB-LCL-A0994] Waltham Forest: Merton Road / ACE0493283 / E17 9BY,Alfen 22kW,Believ (EV),E17 9BY,Waltham Forest,51.579133,-0.009689
GB-LCL-A0995,[GB-LCL-A0995] Waltham Forest: Merton Road / ACE0493278 / E17 9BY,Alfen 22kW,Believ (EV),E17 9BY,Waltham Forest,51.579133,-0.009689
GB-LCL-A0997,[GB-LCL-A0997] Waltham Forest: Essex Road / ACE0493192 / E17 8AN,Alfen 22kW,Believ (EV),E17 8AN,Waltham Forest,51.577393,-0.036739
GB-LCL-A0998,[GB-LCL-A0998] Waltham Forest: Rosendene Terrace / ACE0493270 / E10 5UF,Alfen 22kW,Believ (EV),E10 5UF,Waltham Forest,51.562442,-0.013199
GB-LCL-A0999,[GB-LCL-A0999] Waltham Forest: Rosendene Terrace / ACE0493445,Alfen 22kW,Believ (EV),E10 5UF,Waltham Forest,51.562442,-0.013199
GB-LCL-A1000,[GB-LCL-A1000] Waltham Forest: Old Church Road / ACE0493441 / E4 8BU,Alfen 22kW,Believ (EV),E4 8BU,Waltham Forest,51.620191,-0.017169
GB-LCL-A1001,[GB-LCL-A1001] Waltham Forest: Old Church Road / ACE0493401 / E4 8BU,Alfen 22kW,Believ (EV),E4 8BU,Waltham Forest,51.620191,-0.017169
GB-LCL-A1002,[GB-LCL-A1002] Beaumont Road,Alfen 22kW,Believ (EV),E13 8QG,Newham,51.525769,0.030985
GB-LCL-A1002,[GB-LCL-A1002] Newham: Beaumont Road,Alfen 22kW,Believ (EV),E13 8QG,Newham,51.525769,0.030985
GB-LCL-A1002,[GB-LCL-A1002] Newham: Beaumont Road / ACE0493288 / 1,Alfen 22kW,Believ (EV),E13 8QG,Newham,51.525769,0.030985
GB-LCL-A1003,[GB-LCL-A1003] Newham: Opposite 43 Helena Road / ACE0493408 / E13 0DT,Alfen 22kW,Believ (EV),E13 0DT,Newham,51.52927075,0.01633058
GB-LCL-A1004,[GB-LCL-A1004] Newham: Opposite 321 Upton Lane / ACE0493286 / E7 9PT,,Believ (EV),E7 9PT,Newham,51.539071,0.022755
GB-LCL-A1005,[GB-LCL-A1005] Ealing: Carr Road,Alfen 22kW,Believ (EV),UB5 4RH,Ealing,51.551,-0.35
GB-LCL-A1007,[GB-LCL-A1007] Newham: 41 Donald Road / ACE0241514 / E13 0QF,Alfen 22kW,Believ (EV),E13 0QF,Newham,51.534431,0.028308
GB-LCL-A1009,[GB-LCL-A1009] Newham: Opposite 48 Mayfield Road / ACE0166112 / E13 8EJ,Alfen 22kW,Believ (EV),E13 8EJ,Newham,51.51996911,0.01311726
GB-LCL-A1010,[GB-LCL-A1010] 74 Tollgate Road,Alfen 22kW,Believ (EV),E16 3LA,Newham,51.516859,0.036549
GB-LCL-A1012,[GB-LCL-A1012] Newham: Opposite 23 Church Street / ACE0493435 / E15 3JY,Alfen 22kW,Believ (EV),E15 3JY,Newham,51.536121,0.0097
GB-LCL-A1013,[GB-LCL-A1013] Newham: Opposite 71-73 East ave / ACE0166153 / E12 6SG,Alfen 22kW,Believ (EV),E12 6SG,Newham,51.540667,0.054586
GB-LCL-A1014,[GB-LCL-A1014] Newham: Opposite 351-353 Halley Road / ACE0241548 / E12 6UB,Alfen 22kW,Believ (EV),E12 6UB,Newham,51.546275,0.046877
GB-LCL-A1015,[GB-LCL-A1015] Newham: 80 Mountfield Road / ACE0241545 / E6 6BJ,Alfen 22kW,Believ (EV),E6 6BJ,Newham,51.528445,0.060286
GB-LCL-A1016,[GB-LCL-A1016] Newham: Opposite 3 Inniskilling Road / ACE0241523 / E13 9LD,Alfen 22kW,Believ (EV),E13 9LD,Newham,51.529602,0.035612
GB-LCL-A1017,[GB-LCL-A1017] Clova Road Flank  / side of 11 Norwich Road,Alfen 22kW,Believ (EV),E7 9AQ,Newham,51.546597,0.019143
GB-LCL-A1017,[GB-LCL-A1017] Newham: Clova Road  / Flank side of 11 Norwich Road / ACE0493251,Alfen 22kW,Believ (EV),E7 9AQ,Newham,51.546597,0.019143
GB-LCL-A1017,[GB-LCL-A1017] Newham: Clova Road Flank / side of 11 Norwich Road,Alfen 22kW,Believ (EV),E7 9AQ,Newham,51.546597,0.019143
GB-LCL-A1018,[GB-LCL-A1018] Barrett Road,Alfen 22kW,Believ (EV),E17 3NZ,Waltham Forest,51.585758,-0.00204
GB-LCL-A1018,[GB-LCL-A1018] Waltham Forest: Barrett Road,Alfen 22kW,Believ (EV),E17 3NZ,Waltham Forest,51.585758,-0.00204
GB-LCL-A1018,[GB-LCL-A1018] Waltham Forest: Barrett Road / ACE0493275 / E17 3NZ,Alfen 22kW,Believ (EV),E17 3NZ,Waltham Forest,51.585758,-0.00204
GB-LCL-A1019,[GB-LCL-A1019] Cleveland Park Crescent,Alfen 22kW,Believ (EV),E17 7BP,Waltham Forest,51.586125,-0.021619
GB-LCL-A1019,[GB-LCL-A1019] Waltham Forest: Cleveland Park Crescent,Alfen 22kW,Believ (EV),E17 7BP,Waltham Forest,51.586125,-0.021619
GB-LCL-A1019,[GB-LCL-A1019] Waltham Forest: Cleveland Park Crescent / ACE0493282 / E17 7BP,Alfen 22kW,Believ (EV),E17 7BP,Waltham Forest,51.586125,-0.021619
GB-LCL-A1021,[GB-LCL-A1021] Waltham Forest: Downsell Road / ACE0493366 / E15 2BS,Alfen 22kW,Believ (EV),E15 2BS,Waltham Forest,51.553798,0.000567
GB-LCL-A1022,[GB-LCL-A1022] Waltham Forest: Downsell Road / ACE0493359 / E15 2BS,Alfen 22kW,Believ (EV),E15 2BS,Waltham Forest,51.553798,0.000567
GB-LCL-A1023,[GB-LCL-A1023] Capworth Street,Alfen 22kW,Believ (EV),E10 5AN,Waltham Forest,51.57186823,-0.01356496
GB-LCL-A1023,[GB-LCL-A1023] Waltham Forest: Capworth Street,Alfen 22kW,Believ (EV),E10 5AN,Waltham Forest,51.57186823,-0.01356496
GB-LCL-A1023,[GB-LCL-A1023] Waltham Forest: Capworth Street / ACE0493353 / E10 5AN,Alfen 22kW,Believ (EV),E10 5AN,Waltham Forest,51.57186823,-0.01356496
GB-LCL-A1024,[GB-LCL-A1024] Capworth Street,Alfen 22kW,Believ (EV),E10 5AN,Waltham Forest,51.57186823,-0.01356496
GB-LCL-A1024,[GB-LCL-A1024] Waltham Forest: Capworth Street,Alfen 22kW,Believ (EV),E10 5AN,Waltham Forest,51.57186823,-0.01356496
GB-LCL-A1024,[GB-LCL-A1024] Waltham Forest: Capworth Street / ACE0493350 / E10 5AN,Alfen 22kW,Believ (EV),E10 5AN,Waltham Forest,51.57186823,-0.01356496
GB-LCL-A1025,[GB-LCL-A1025] Waltham Forest: Edinburgh Road / ACE0493374 / E17 7QJ,Alfen 22kW,Believ (EV),E17 7QJ,Waltham Forest,51.581254,-0.023624
GB-LCL-A1026,[GB-LCL-A1026] Waltham Forest: Edinburgh Road / ACE0493443 / E17 7QJ,Alfen 22kW,Believ (EV),E17 7QJ,Waltham Forest,51.581254,-0.023624
GB-LCL-A1027,[GB-LCL-A1027] Newham: Flank of 52 Clacton Road / ACE0493361 / E6 3EX,Alfen 22kW,Believ (EV),E6 3EX,Newham,51.52643734,0.0419298
GB-LCL-A1028,[GB-LCL-A1028] Newham: Halley Road / Flank of 471 Katherine Road / ACE0493367 / E7 8DP,Alfen 22kW,Believ (EV),E7 8DP,Newham,51.54468312,0.03640975
GB-LCL-A1029,[GB-LCL-A1029] Newham: Opposite 35 Shirley Street / ACE0493494 / E16 1HU,Alfen 22kW,Believ (EV),E16 1HU,Newham,51.512638,0.012275
GB-LCL-A1030,[GB-LCL-A1030] Alnwick Road Flank wall 101 Baxter Road,Alfen 22kW,Believ (EV),E16 3HT,Newham,51.511951,0.037133
GB-LCL-A1030,[GB-LCL-A1030] Newham: Alnwick Road Flank wall 101 Baxter Road,Alfen 22kW,Believ (EV),E16 3HT,Newham,51.511951,0.037133
GB-LCL-A1030,[GB-LCL-A1030] Newham: Alnwick Road Flank wall 101 Baxter Road / ACE0493356 / E16 3HT,Alfen 22kW,Believ (EV),E16 3HT,Newham,51.511951,0.037133
GB-LCL-A1031,[GB-LCL-A1031] Belgrave Road / side of 61 Kensington Gardens,Alfen 22kW,Believ (EV),IG1 3EN,Redbridge,51.565941,0.05537272
GB-LCL-A1031,[GB-LCL-A1031] Redbridge: Belgrave Road / side of 61 Kensington Gardens,Alfen 22kW,Believ (EV),IG1 3EN,Redbridge,51.565941,0.05537272
GB-LCL-A1031,[GB-LCL-A1031] Redbridge: Belgrave Road / Side of 61 Kensington Gardens / ACE0493354 / IG1 3EN,Alfen 22kW,Believ (EV),IG1 3EN,Redbridge,51.565941,0.05537272
GB-LCL-A1032,[GB-LCL-A1032] Aldborough Road South,Alfen 22kW,Believ (EV),IG3 8JL,Redbridge,51.5746773,0.0990483
GB-LCL-A1032,[GB-LCL-A1032] Redbridge: Aldborough Road South,Alfen 22kW,Believ (EV),IG3 8JL,Redbridge,51.5746773,0.0990483
GB-LCL-A1032,[GB-LCL-A1032] Redbridge: Aldborough Road South / ACE0493371 / IG3 8JL,Alfen 22kW,Believ (EV),IG3 8JL,Redbridge,51.5746773,0.0990483
GB-LCL-A1033,[GB-LCL-A1033] Wellingborough: Shelley Road / ACE0166158 / NN8 3DA,Alfen 22kW,Believ (EV),NN8 3DA,Wellingborough,52.303326,-0.727493
GB-LCL-A1034,[GB-LCL-A1034] Shelley Road,Alfen 22kW,Believ (EV),NN8 3DA,Northamptonshire North,52.303326,-0.727493
GB-LCL-A1035,[GB-LCL-A1035] Bath Road - NNC,Alfen 22kW,Believ (EV),NN16 8NL,Northamptonshire North,52.403765,-0.719576
GB-LCL-A1035,[GB-LCL-A1035] Kettering: Bath Road - NNC / ACE0241551 / NN16 8NL,Alfen 22kW,Believ (EV),NN16 8NL,Kettering,52.403765,-0.719576
GB-LCL-A1035,[GB-LCL-A1035] Northamptonshire North: Bath Road - NNC,Alfen 22kW,Believ (EV),NN16 8NL,Northamptonshire North,52.403765,-0.719576
GB-LCL-A1036,[GB-LCL-A1036] Ketering: Bath Road - NNC / ACE0189211 / NN16 8NL,Alfen 22kW,Believ (EV),NN16 8NL,Ketering,52.403765,-0.719576
GB-LCL-A1036,[GB-LCL-A1036] Northamptonshire North: Bath Road - NNC,Alfen 22kW,Believ (EV),NN16 8NL,Northamptonshire North,52.403765,-0.719576
GB-LCL-A1036,[GB-LCL-A1036] Northamptonshire North: Bath Road - NNC / ACE0189211 / NN16 8NL / Believ,Alfen 22kW,Believ (EV),NN16 8NL,Northamptonshire North,52.403765,-0.719576
GB-LCL-A1037,[GB-LCL-A1037] Corby: Campbell Road / ACE0241554 / NN17 1RP,Alfen 22kW,Believ (EV),NN17 1RP,Corby,52.486208,-0.696746
GB-LCL-A1037,[GB-LCL-A1037] Northamptonshire North: Campbell Road,Alfen 22kW,Believ (EV),NN17 1RP,Northamptonshire North,52.486208,-0.696746
GB-LCL-A1037,[GB-LCL-A1037] Northamptonshire North: Campbell Road / Believ,Alfen 22kW,Believ (EV),NN17 1RP,Northamptonshire North,52.486208,-0.696746
GB-LCL-A1038,[GB-LCL-A1038] Campbell Road,Alfen 22kW,Believ (EV),NN17 1RP,Northamptonshire North,52.486208,-0.696746
GB-LCL-A1038,[GB-LCL-A1038] Corby: Campbell Road / ACE0241527 / NN17 1RP,Alfen 22kW,Believ (EV),NN17 1RP,Corby,52.486208,-0.696746
GB-LCL-A1038,[GB-LCL-A1038] Northamptonshire North: Campbell Road,Alfen 22kW,Believ (EV),NN17 1RP,Northamptonshire North,52.486208,-0.696746
GB-LCL-A1039,[GB-LCL-A1039] Corby: Hove Street / ACE0261244 / NN18 0JB,Alfen 22kW,Believ (EV),NN18 0JB,Corby,52.482859,-0.723091
GB-LCL-A1040,[GB-LCL-A1040] Corby: Hove Street / ACE0241549,Alfen 22kW,Believ (EV),NN18 0JB,Corby,52.482859,-0.723091
GB-LCL-A1041,[GB-LCL-A1041] Waltham Forest: Handsworth Avenue / ACE0493396 / E4 9PB,Alfen 22kW,Believ (EV),E4 9PB,Waltham Forest,51.610107,0.005971
GB-LCL-A1042,[GB-LCL-A1042] Waltham Forest: Handsworth Avenue / ACE0493391 / E4 9PB,Alfen 22kW,Believ (EV),E4 9PB,Waltham Forest,51.610107,0.005971
GB-LCL-A1043,[GB-LCL-A1043] Waltham Forest: Warren Avenue / ACE0493389 / E11 4EG,Alfen 22kW,Believ (EV),E11 4EG,Waltham Forest,51.55957086,-0.00299045
GB-LCL-A1045,[GB-LCL-A1045] Newham: 48 High Street / ACE0493358 / E13 0AJ,Alfen 22kW,Believ (EV),E13 0AJ,Newham,51.530083,0.022382
GB-LCL-A1046,[GB-LCL-A1046] Ealing: Woodfield Crescent / ACE0493442 / W5 1PA,,Believ (EV),W5 1PA,Ealing,51.5258032,-0.30799771
GB-LCL-A1048,[GB-LCL-A1048] Newham: Flank wall of 17 Grimsby Grove / ACE0493397 / E16 2RT,Alfen 22kW,Believ (EV),E16 2RT,Newham,51.500908,0.071294
GB-LCL-A1049,[GB-LCL-A1049] Hawthorn Road / Kettering,Alfen 22kW,Believ (EV),NN15 7HU,Northamptonshire North,52.39113291,-0.7272646
GB-LCL-A1050,[GB-LCL-A1050] Hawthorn Road / Kettering,Alfen 22kW,Believ (EV),NN15 7HU,Northamptonshire North,52.39113291,-0.7272646
GB-LCL-A1051,[GB-LCL-A1051] Carlyle Road,Alfen 22kW,Believ (EV),W5 4BL,Ealing,51.49298686,-0.31267545
GB-LCL-A1051,[GB-LCL-A1051] Ealing: Carlyle Road,Alfen 22kW,Believ (EV),W5 4BL,Ealing,51.49298686,-0.31267545
GB-LCL-A1051,[GB-LCL-A1051] Ealing: Carlyle Road / ACE0422655 / W5 4BL,Alfen 22kW,Believ (EV),W5 4BL,Ealing,51.49298686,-0.31267545
GB-LCL-A1052,[GB-LCL-A1052] Carlyle Road,Alfen 22kW,Believ (EV),W5 4BL,Ealing,51.49298686,-0.31267545
GB-LCL-A1052,[GB-LCL-A1052] Ealing: Carlyle Road,Alfen 22kW,Believ (EV),W5 4BL,Ealing,51.49298686,-0.31267545
GB-LCL-A1052,[GB-LCL-A1052] Ealing: Carlyle Road / ACE0493240 / W5 4BL,Alfen 22kW,Believ (EV),W5 4BL,Ealing,51.49298686,-0.31267545
GB-LCL-A1053,[GB-LCL-A1053] Beach Road Car Park,Alfen 22kW,Believ (EV),PO13 9FR,Gosport,50.79981,-1.20164
GB-LCL-A1053,[GB-LCL-A1053] Beach Road Car Park,Alfen 22kW,Believ (EV),PO13 9FR,Gosport,50.79981,-1.20164
GB-LCL-A1053,[GB-LCL-A1053] Gosport: Beach Road Car Park,Alfen 22kW,Believ (EV),PO13 9FR,Gosport,50.79981,-1.20164
GB-LCL-A1054,[GB-LCL-A1054] Beach Road Car Park,Alfen 22kW,Believ (EV),PO13 9FR,Gosport,50.79981,-1.20164
GB-LCL-A1054,[GB-LCL-A1054] Gosport: Beach Road Car Park,Alfen 22kW,Believ (EV),PO13 9FR,Gosport,50.79981,-1.20164
GB-LCL-A1054,[GB-LCL-A1054] Gosport: Beach Road Car Park / ACE0493317 / PO13 9FR,Alfen 22kW,Believ (EV),PO13 9FR,Gosport,50.79981,-1.20164
GB-LCL-A1055,[GB-LCL-A1055] Gosport: Green Lane Car Park / ACE0493331 / PO12 4FJ,Alfen 22kW,Believ (EV),PO12 4FJ,Gosport,50.810795,-1.135261
GB-LCL-A1056,[GB-LCL-A1056] Ealing: Edelberry Road / ACE0493334 / W5 4AN,Alfen 22kW,Believ (EV),W5 4AN,Ealing,51.50301,-0.29798
GB-LCL-A1057,[GB-LCL-A1057] Ealing: Edelberry Road / ACE0493200 / W5 4AN,Alfen 22kW,Believ (EV),W5 4AN,Ealing,51.50301,-0.29798
GB-LCL-A1058,[GB-LCL-A1058] Ealing: Scotch Common / ACE0422657 / W5 1LS,Alfen 22kW,Believ (EV),W5 1LS,Ealing,51.52488,-0.32141
GB-LCL-A1059,[GB-LCL-A1059] Ealing: Scotch Common / ACE0493203 / W5 1LS,Alfen 22kW,Believ (EV),W5 1LS,Ealing,51.52488,-0.32141
GB-LCL-A1062,[GB-LCL-A1062] Barlow Road,Alfen 22kW,Believ (EV),W3 9LJ,Ealing,51.509341,-0.27469
GB-LCL-A1062,[GB-LCL-A1062] Ealing: Barlow Road,Alfen 22kW,Believ (EV),W3 9LJ,Ealing,51.509341,-0.27469
GB-LCL-A1062,[GB-LCL-A1062] Ealing: Barlow Road / ACE0493207 / W3 9LJ,Alfen 22kW,Believ (EV),W3 9LJ,Ealing,51.509341,-0.27469
GB-LCL-A1063,[GB-LCL-A1063] Barlow Road,Alfen 22kW,Believ (EV),W3 9LJ,Ealing,51.509341,-0.27469
GB-LCL-A1063,[GB-LCL-A1063] Ealing: Barlow Road,Alfen 22kW,Believ (EV),W3 9LJ,Ealing,51.509341,-0.27469
GB-LCL-A1063,[GB-LCL-A1063] Ealing: Barlow Road / ACE0493481 / W3 9LJ,Alfen 22kW,Believ (EV),W3 9LJ,Ealing,51.509341,-0.27469
GB-LCL-A1064,[GB-LCL-A1064] Ealing: 170-174 Horn Lane / ACE0493313 / W3 6PJ,Alfen 22kW,Believ (EV),W3 6PJ,Ealing,51.515202,-0.268458
GB-LCL-A1065,[GB-LCL-A1065] Ealing: 170-174 Horn Lane / ACE0493319 / W3 6PJ,Alfen 22kW,Believ (EV),W3 6PJ,Ealing,51.515202,-0.268458
GB-LCL-A1071,[GB-LCL-A1071] Ealing: King Edwards Gardens,Alfen 22kW,Believ (EV),W3 9RF,Ealing,51.50849449,-0.28229445
GB-LCL-A1074,[GB-LCL-A1074] Ealing: 2 Sandall Close / ACE0493201 / W5 1JE,Alfen 22kW,Believ (EV),W5 1JE,Ealing,51.528109,-0.295621
GB-LCL-A1075,[GB-LCL-A1075] Ealing: Kingsbridge Avenue / ACE0493332 / W3 9AJ,Alfen 22kW,Believ (EV),W3 9AJ,Ealing,51.50496199,-0.28935552
GB-LCL-A1076,[GB-LCL-A1076] Ealing: Kingsbridge Avenue / ACE0422386 / W3 9AJ,Alfen 22kW,Believ (EV),W3 9AJ,Ealing,51.50496199,-0.28935552
GB-LCL-A1077,[GB-LCL-A1077] Ealing: Grasmere Avenue / ACE0493322 / W3 6JR,Alfen 22kW,Believ (EV),W3 6JR,Ealing,51.51469538,-0.26306198
GB-LCL-A1078,[GB-LCL-A1078] Ealing: Grasmere Avenue / ACE0493324 / W3 6JR,Alfen 22kW,Believ (EV),W3 6JR,Ealing,51.51469538,-0.26306198
GB-LCL-A1082,[GB-LCL-A1082] Ealing: Carr Road,Alfen 22kW,Believ (EV),UB5 4RH,Ealing,51.551,-0.35
GB-LCL-A1083,[GB-LCL-A1083] Reglan Way,Alfen 22kW,Believ (EV),UB5 4SL,Ealing,51.54977,-0.35276
GB-LCL-A1085,[GB-LCL-A1085] Adrienne Avenue,Alfen 22kW,Believ (EV),UB1 2QW,Ealing,51.53251,-0.37355
GB-LCL-A1086,[GB-LCL-A1086] Ealing: Adrienne Avenue / ACE0493323 / UB1 2QW,Alfen 22kW,Believ (EV),UB1 2QW,Ealing,51.53251,-0.37355
GB-LCL-A1087,[GB-LCL-A1087] Ealing: Mayfield Gardens / ACE0493343 / W7 3AD,Alfen 22kW,Believ (EV),W7 3AD,Ealing,51.52111,-0.33995
GB-LCL-A1088,[GB-LCL-A1088] Mayfield Gardens,Alfen 22kW,Believ (EV),W7 3AD,Ealing,51.52111,-0.33995
GB-LCL-A1089,[GB-LCL-A1089] Highland Avenue,Alfen 22kW,Believ (EV),W7 3AB,Ealing,51.52038,-0.33943
GB-LCL-A1090,[GB-LCL-A1090] Ealing: Highland Avenue / ACE0189171,Alfen 22kW,Believ (EV),W7 3AB,Ealing,51.52038,-0.33943
GB-LCL-A1091,[GB-LCL-A1091] Waltham Forest: Borthwick Road,Alfen 22kW,Believ (EV),E15 1UD,Waltham Forest,51.551878,0.006077
GB-LCL-A1091,[GB-LCL-A1091] Waltham Forest: Borthwick Road / ACE0422646 / E15 1UD,Alfen 22kW,Believ (EV),E15 1UD,Waltham Forest,51.551878,0.006077
GB-LCL-A1092,[GB-LCL-A1092] Ealing: Leonard Road / ACE0493209 / UB2 5HZ,Alfen 22kW,Believ (EV),UB2 5HZ,Ealing,51.49874,-0.38918
GB-LCL-A1093,[GB-LCL-A1093] Ealing: Leonard Road / ACE0493249 / UB2 5HZ,Alfen 22kW,Believ (EV),UB2 5HZ,Ealing,51.49874,-0.38918
GB-LCL-A1094,[GB-LCL-A1094] Broadmead Road,Alfen 22kW,Believ (EV),UB5 6FX,Ealing,51.53097,-0.37961
GB-LCL-A1094,[GB-LCL-A1094] Ealing: Broadmead Road,Alfen 22kW,Believ (EV),UB5 6FX,Ealing,51.53097,-0.37961
GB-LCL-A1094,[GB-LCL-A1094] Ealing: Broadmead Road / ACE0493245 / UB5 6FX,Alfen 22kW,Believ (EV),UB5 6FX,Ealing,51.53097,-0.37961
GB-LCL-A1095,[GB-LCL-A1095] Ealing: Broadmead Road,Alfen 22kW,Believ (EV),UB5 6FX,Ealing,51.53097,-0.37961
GB-LCL-A1095,[GB-LCL-A1095] Ealing: Broadmead Road / ACE0493246 / UB5 6FX,Alfen 22kW,Believ (EV),UB5 6FX,Ealing,51.53097,-0.37961
GB-LCL-A1095,[GB-LCL-A1095] Ealing: Broadmead Road / Believ,Alfen 22kW,Believ (EV),UB5 6FX,Ealing,51.53097,-0.37961
GB-LCL-A1096,[GB-LCL-A1096] Ealing: 3 Montpelier Road / ACE0493247 / W5 2QS,Alfen 22kW,Believ (EV),W5 2QS,Ealing,51.522564,-0.304644
GB-LCL-A1097,[GB-LCL-A1097] Ealing: 3 Montpelier Rd / ACE0493244 / W5 2QS,Alfen 22kW,Believ (EV),W5 2QS,Ealing,51.522564,-0.304644
GB-LCL-A1098,[GB-LCL-A1098] Ealing: Rose Gardens / ACE0493221 / W5 4JU,Alfen 22kW,Believ (EV),W5 4JU,Ealing,51.49929721,-0.30169378
GB-LCL-A1099,[GB-LCL-A1099] Ealing: Rose Gardens / ACE0493214 / W5 4JU,Alfen 22kW,Believ (EV),W5 4JU,Ealing,51.49929721,-0.30169378
GB-LCL-A1100,[GB-LCL-A1100] Ealing: 9 Lynwood Rd / ACE0422653 / W5 1JQ,Alfen 22kW,Believ (EV),W5 1JQ,Ealing,51.52959,-0.300041
GB-LCL-A1101,[GB-LCL-A1101] Ealing: 72-74 Ainsdale Rd / ACE0422600 / W5 1LA,Alfen 22kW,Believ (EV),W5 1LA,Ealing,51.52619,-0.300284
GB-LCL-A1102,[GB-LCL-A1102] Ealing: 72-74 Ainsdale Road / ACE0493237 / W5 1LA,Alfen 22kW,Believ (EV),W5 1LA,Ealing,51.52619,-0.300284
GB-LCL-A1104,[GB-LCL-A1104] Launceston Road,Alfen 22kW,Believ (EV),UB6 7EX,Ealing,51.54005752,-0.3138288
GB-LCL-A1105,[GB-LCL-A1105] Launceston Road,Alfen 22kW,Believ (EV),UB6 7EX,Ealing,51.54005752,-0.3138288
GB-LCL-A1106,[GB-LCL-A1106] Sherwood Close,Alfen 22kW,Believ (EV),W13 9YJ,Ealing,51.50889033,-0.31945072
GB-LCL-A1107,[GB-LCL-A1107] Sherwood Close,Alfen 22kW,Believ (EV),W13 9YJ,Ealing,51.50889033,-0.31945072
GB-LCL-A1108,[GB-LCL-A1108] Sherwood Close,Alfen 22kW,Believ (EV),W13 9YJ,Ealing,51.50889033,-0.31945072
GB-LCL-A1109,[GB-LCL-A1109] Sherwood Close,Alfen 22kW,Believ (EV),W13 9YJ,Ealing,51.50889033,-0.31945072
GB-LCL-A1110,[GB-LCL-A1110] Ealing: Parkfield Road / ACE0493362 / UB5 5NR,Alfen 22kW,Believ (EV),UB5 5NR,Ealing,51.53837,-0.38513
GB-LCL-A1111,[GB-LCL-A1111] Ealing: Down Way / ACE0493364 / UB5 6NW,Alfen 22kW,Believ (EV),UB5 6NW,Ealing,51.53489,-0.40353
GB-LCL-A1113,[GB-LCL-A1113] Cleveland Road,Alfen 22kW,Believ (EV),W13 0DG,Ealing,51.52121,-0.32646
GB-LCL-A1113,[GB-LCL-A1113] Ealing: Cleveland Road,Alfen 22kW,Believ (EV),W13 0DG,Ealing,51.52121,-0.32646
GB-LCL-A1113,[GB-LCL-A1113] Ealing: Cleveland Road / ACE0493372 / W13 0DG,Alfen 22kW,Believ (EV),W13 0DG,Ealing,51.52121,-0.32646
GB-LCL-A1114,[GB-LCL-A1114] Cleveland Road,Alfen 22kW,Believ (EV),W13 0DG,Ealing,51.52121,-0.32646
GB-LCL-A1114,[GB-LCL-A1114] Ealing: Cleveland Road,Alfen 22kW,Believ (EV),W13 0DG,Ealing,51.52121,-0.32646
GB-LCL-A1114,[GB-LCL-A1114] Ealing: Cleveland Road / ACE0493390 / W13 0DG,Alfen 22kW,Believ (EV),W13 0DG,Ealing,51.52121,-0.32646
GB-LCL-A1115,[GB-LCL-A1115] Ealing: Fraser Road / ACE0493386 / UB6 7AJ,Alfen 22kW,Believ (EV),UB6 7AJ,Ealing,51.539252,-0.315135
GB-LCL-A1116,[GB-LCL-A1116] Ealing: Fraser Road / ACE0493399 / UB6 7AJ,Alfen 22kW,Believ (EV),UB6 7AJ,Ealing,51.539252,-0.315135
GB-LCL-A1117,[GB-LCL-A1117] Ealing: Parkfield Road / ACE0493355 / UB5 5NR,Alfen 22kW,Believ (EV),UB5 5NR,Ealing,51.53837,-0.38513
GB-LCL-A1118,[GB-LCL-A1118] Ealing: Derley Road / ACE0493394,Alfen 22kW,Believ (EV),UB2 5LA,Ealing,51.49973,-0.3991
GB-LCL-A1119,[GB-LCL-A1119] Ealing: Derley Road / ACE0493385 / UB2 5LA,Alfen 22kW,Believ (EV),UB2 5LA,Ealing,51.49973,-0.3991
GB-LCL-A1120,[GB-LCL-A1120] Ealing: Marlborough Road / ACE0493388 / UB2 5LR,Alfen 22kW,Believ (EV),UB2 5LR,Ealing,51.50108,-0.39446
GB-LCL-A1121,[GB-LCL-A1121] Ealing: Lawrence Road / 194 S. Ealing Road / ACE0493357 / W5 4RJ,Alfen 22kW,Believ (EV),W5 4RJ,Ealing,51.496981,-0.305795
GB-LCL-A1122,[GB-LCL-A1122] Ealing: Lawrence Road / 194 S. Ealing Road / ACE0422675 / W5 4RJ,Alfen 22kW,Believ (EV),W5 4RJ,Ealing,51.496981,-0.305795
GB-LCL-A1123,[GB-LCL-A1123] Ealing: 206-196 St Albans Avenue  / ACE0493236 / W4 5LA,Alfen 22kW,Believ (EV),W4 5LA,Ealing,51.502275,-0.262013
GB-LCL-A1124,[GB-LCL-A1124] Ealing: 206-196 St Albans Avenue / ACE0493380 / W4 5LA,Alfen 22kW,Believ (EV),W4 5LA,Ealing,51.502275,-0.262013
GB-LCL-A1125,[GB-LCL-A1125] Victoria Street,Alfen 22kW,Believ (EV),NN14 2LX,Northamptonshire North,52.441128,-0.819897
GB-LCL-A1126,[GB-LCL-A1126] Victoria Street,Alfen 22kW,Believ (EV),NN14 2LX,Northamptonshire North,52.441128,-0.819897
GB-LCL-A1127,[GB-LCL-A1127] Rushdon: Queensway / ACE0422445 / NN10 8BU,Alfen 22kW,Believ (EV),NN10 8BU,Rushdon,52.3046,-0.594081
GB-LCL-A1128,[GB-LCL-A1128] Rushden : Queensway / ACE0422437 / NN10 8BU,Alfen 22kW,Believ (EV),NN10 8BU,Rushden ,52.3046,-0.594081
GB-LCL-A1129,[GB-LCL-A1129] Wood Street,Alfen 22kW,Believ (EV),NN10 8DJ,Northamptonshire North,52.3057467,-0.5926961
GB-LCL-A1130,[GB-LCL-A1130] Wood Street,Alfen 22kW,Believ (EV),NN10 8DJ,Northamptonshire North,52.3057467,-0.5926961
GB-LCL-A1131,[GB-LCL-A1131] Midland Road / Higham Ferrers,Alfen 22kW,Believ (EV),NN10 8BT,Northamptonshire North,52.309214,-0.590275
GB-LCL-A1132,[GB-LCL-A1132] Midland Road / Higham Ferrers,Alfen 22kW,Believ (EV),NN10 8BT,Northamptonshire North,52.309214,-0.590275
GB-LCL-A1133,[GB-LCL-A1133] Corby: Telfords Lane / ACE0422447 / NN17 1BY,Alfen 22kW,Believ (EV),NN17 1BY,Corby,52.497182,-0.687833
GB-LCL-A1134,[GB-LCL-A1134] Telfords Lane,Alfen 22kW,Believ (EV),NN17 1BY,Northamptonshire North,52.497182,-0.687833
GB-LCL-A1135,[GB-LCL-A1135] Cecil Drive,Alfen 22kW,Believ (EV),NN18 8BB,Northamptonshire North,52.480178,-0.696328
GB-LCL-A1135,[GB-LCL-A1135] Cecil Drive,Alfen 22kW,Believ (EV),NN18 8BB,Northamptonshire North,52.480178,-0.696328
GB-LCL-A1135,[GB-LCL-A1135] Northamptonshire North: Cecil Drive,Alfen 22kW,Believ (EV),NN18 8BB,Northamptonshire North,52.480178,-0.696328
GB-LCL-A1136,[GB-LCL-A1136] Cecil Drive,Alfen 22kW,Believ (EV),NN18 8BB,Northamptonshire North,52.480178,-0.696328
GB-LCL-A1136,[GB-LCL-A1136] Cecil Drive,Alfen 22kW,Believ (EV),NN18 8BB,Northamptonshire North,52.480178,-0.696328
GB-LCL-A1136,[GB-LCL-A1136] Northamptonshire North: Cecil Drive,Alfen 22kW,Believ (EV),NN18 8BB,Northamptonshire North,52.480178,-0.696328
GB-LCL-A1137,[GB-LCL-A1137] Station Road / Kettering,Alfen 22kW,Believ (EV),NN15 7AW,Northamptonshire North,52.395052,-0.729434
GB-LCL-A1138,[GB-LCL-A1138] Pytchley Road,Alfen 22kW,Believ (EV),NN15 6JA,Northamptonshire North,52.380898,-0.718499
GB-LCL-A1139,[GB-LCL-A1139] Pytchley Road,Alfen 22kW,Believ (EV),NN15 6JA,Northamptonshire North,52.380898,-0.718499
GB-LCL-A1143,[GB-LCL-A1143] Linden Avenue / Kettering,Alfen 22kW,Believ (EV),NN16 0EP,Northamptonshire North,52.39964408,-0.71573476
GB-LCL-A1144,[GB-LCL-A1144] Irthlingborough Road / Wellingborough,Alfen 22kW,Believ (EV),NN8 1NU,Northamptonshire North,52.298225,-0.677821
GB-LCL-A1145,[GB-LCL-A1145] Wellingborough: Irthlingborough Road / ACE0422439,Alfen 22kW,Believ (EV),NN8 1NU,Wellingborough,52.298225,-0.677821
GB-LCL-A1146,[GB-LCL-A1146] Doddington Road / Wellingborough,Alfen 22kW,Believ (EV),NN8 2JG,Northamptonshire North,52.298601,-0.692488
GB-LCL-A1147,[GB-LCL-A1147] York Road,Alfen 22kW,Believ (EV),NN16 0DB,Northamptonshire North,52.398558,-0.72306
GB-LCL-A1148,[GB-LCL-A1148] Clifford Road,Alfen 22kW,Believ (EV),E17 4SX,Waltham Forest,51.59321,-0.005701
GB-LCL-A1148,[GB-LCL-A1148] Waltham Forest: Clifford Road,Alfen 22kW,Believ (EV),E17 4SX,Waltham Forest,51.59321,-0.005701
GB-LCL-A1148,[GB-LCL-A1148] Waltham Forest: Clifford Road / ACE0493352 / E17 4SX,Alfen 22kW,Believ (EV),E17 4SX,Waltham Forest,51.59321,-0.005701
GB-LCL-A1149,[GB-LCL-A1149] Clifford Road,Alfen 22kW,Believ (EV),E17 4SX,Waltham Forest,51.59321,-0.005701
GB-LCL-A1149,[GB-LCL-A1149] Waltham Forest: Clifford Road,Alfen 22kW,Believ (EV),E17 4SX,Waltham Forest,51.59321,-0.005701
GB-LCL-A1149,[GB-LCL-A1149] Waltham Forest: Clifford Road / ACE0493398 / E17 4SX,Alfen 22kW,Believ (EV),E17 4SX,Waltham Forest,51.59321,-0.005701
GB-LCL-A1150,[GB-LCL-A1150] Waltham Forest: Wellington Avenue / ACE0493309 / E4 6RE,Alfen 22kW,Believ (EV),E4 6RE,Waltham Forest,51.624342,-0.016136
GB-LCL-A1151,[GB-LCL-A1151] Waltham Forest: Queenswood Avenue / ACE0493302 / E17 4EH,Alfen 22kW,Believ (EV),E17 4EH,Waltham Forest,51.596758,-0.006317
GB-LCL-A1152,[GB-LCL-A1152] Waltham Forest: Fernhill Court / ACE0493306 / E17 3RP,Alfen 22kW,Believ (EV),E17 3RP,Waltham Forest,51.592371,0.002494
GB-LCL-A1153,[GB-LCL-A1153] Hall Road,Alfen 22kW,Believ (EV),E15 2DL,Waltham Forest,51.553568,0.001814
GB-LCL-A1154,[GB-LCL-A1154] Waltham Forest: Hall Road / ACE0493312 / E15 2DL,Alfen 22kW,Believ (EV),E15 2DL,Waltham Forest,51.553568,0.001814
GB-LCL-A1156,[GB-LCL-A1156] Mount Pleasant Road,Alfen 22kW,Believ (EV),E17 5RU,Waltham Forest,51.59611,-0.032514
GB-LCL-A1157,[GB-LCL-A1157] Waltham Forest: Mount Pleasant Road / ACE0493307,Alfen 22kW,Believ (EV),E17 5RU,Waltham Forest,51.59611,-0.032514
GB-LCL-A1158,[GB-LCL-A1158] Waltham Forest: Flempton Road / E10 7NH / E10 7NH,Alfen 22kW,Believ (EV),E10 7NH,Waltham Forest,51.568978,-0.031836
GB-LCL-A1159,[GB-LCL-A1159] Waltham Forest: Flempton Road / ACE0493308 / E10 7NH,Alfen 22kW,Believ (EV),E10 7NH,Waltham Forest,51.568978,-0.031836
GB-LCL-A1160,[GB-LCL-A1160] Croydon: 9 Beech Road / ACE0236406 / SW16 4NN,"Alfen 7kW
",Believ (EV),SW16 4NN,Croydon,51.404087,-0.124599
GB-LCL-A1162,[GB-LCL-A1162] Waltham Forest: Lower Hall Lane / ACE0422801 / E4 8JD,Alfen 22kW,Believ (EV),E4 8JD,Waltham Forest,51.615278,-0.030867
GB-LCL-A1163,[GB-LCL-A1163] Waltham Forest: Lower Hall Lane / ACE0422834 / E4 8JD,Alfen 22kW,Believ (EV),E4 8JD,Waltham Forest,51.615278,-0.030867
GB-LCL-A1164,[GB-LCL-A1164] Waltham Forest: Abbotts Park Road / ACE0493340 / E10 6HT,Alfen 22kW,Believ (EV),E10 6HT,Waltham Forest,51.571565,-0.007584
GB-LCL-A1165,[GB-LCL-A1165] Waltham Forest: Abbotts Park Road / ACE0422835 / E10 6HT,Alfen 22kW,Believ (EV),E10 6HT,Waltham Forest,51.571565,-0.007584
GB-LCL-A1166,[GB-LCL-A1166] Rushden: Midland Road / Rushden / ACE0189338 / NN10 9TP,Alfen 22kW,Believ (EV),NN10 9TP,Rushden,52.293283,-0.603501
GB-LCL-A1167,[GB-LCL-A1167] Rushden: Midland Road / ACE0189339 / NN10 9TP,Alfen 22kW,Believ (EV),NN10 9TP,Rushden,52.29331195,-0.60351112
GB-LCL-A1168,[GB-LCL-A1168] Rushden: Portland Road / ACE0189355 / NN10 0DQ,Alfen 22kW,Believ (EV),NN10 0DQ,Rushden,52.291456,-0.59545
GB-LCL-A1169,[GB-LCL-A1169] Rushden: Portland Road / ACE0261246 / NN10 0DQ,Alfen 22kW,Believ (EV),NN10 0DQ,Rushden,52.291456,-0.59545
GB-LCL-A1170,[GB-LCL-A1170] Doddington Road / Wellingborough,Alfen 22kW,Believ (EV),NN8 2JG,Northamptonshire North,52.298601,-0.692488
GB-LCL-A1171,[GB-LCL-A1171] Wellingborough: Hatton Avenue / ACE0422446 / NN8 5AP,Alfen 22kW,Believ (EV),NN8 5AP,Wellingborough,52.305194,-0.700132
GB-LCL-A1172,[GB-LCL-A1172] Wellingborough: Hatton Avenue / ACE0189321 / NN8 5AP,Alfen 22kW,Believ (EV),NN8 5AP,Wellingborough,52.305194,-0.700132
GB-LCL-A1173,[GB-LCL-A1173] Wellingborough: Northampton Road / ACE0189347,Alfen 22kW,Believ (EV),NN8 3HT,Wellingborough,52.299491,-0.705799
GB-LCL-A1174,[GB-LCL-A1174] Wellingborough: Northampton Road / ACE0189322 / NN8 3HT,Alfen 22kW,Believ (EV),NN8 3HT,Wellingborough,52.299491,-0.705799
GB-LCL-A1175,[GB-LCL-A1175] Broad Green,Alfen 22kW,Believ (EV),NN8 4LF,Northamptonshire North,52.303711,-0.698524
GB-LCL-A1175,[GB-LCL-A1175] Northamptonshire North: Broad Green,Alfen 22kW,Believ (EV),NN8 4LF,Northamptonshire North,52.303711,-0.698524
GB-LCL-A1175,[GB-LCL-A1175] Northamptonshire North: Broad Green / Believ,Alfen 22kW,Believ (EV),NN8 4LF,Northamptonshire North,52.303711,-0.698524
GB-LCL-A1176,[GB-LCL-A1176] Broad Green,Alfen 22kW,Believ (EV),NN8 4LF,Northamptonshire North,52.303711,-0.698524
GB-LCL-A1176,[GB-LCL-A1176] Broad Green,Alfen 22kW,Believ (EV),NN8 4LF,Northamptonshire North,52.303711,-0.698524
GB-LCL-A1176,[GB-LCL-A1176] Northamptonshire North: Broad Green,Alfen 22kW,Believ (EV),NN8 4LF,Northamptonshire North,52.303711,-0.698524
GB-LCL-A1179,[GB-LCL-A1179] Kettering: 33 Shakespeare Road / ACE0261264 / NN16 9QR,Alfen 22kW,Believ (EV),NN16 9QR,Kettering,52.4124097,-0.7248902
GB-LCL-A1180,[GB-LCL-A1180] Kettering: 33 Shakespeare Road / ACE0261253 / NN16 9QR,Alfen 22kW,Believ (EV),NN16 9QR,Kettering,52.4124097,-0.7248902
GB-LCL-A1181,[GB-LCL-A1181] Kettering: Morley Street / ACE0189318 / NN16 9LL,Alfen 22kW,Believ (EV),NN16 9LL,Kettering,52.409175,-0.720927
GB-LCL-A1182,[GB-LCL-A1182] Kettering: Morley Street / ACE0189353 / NN16 9LL,Alfen 22kW,Believ (EV),NN16 9LL,Kettering,52.409175,-0.720927
GB-LCL-A1183,[GB-LCL-A1183] Kettering: St Michaels Road / ACE0166121 / NN15 6AS,Alfen 22kW,Believ (EV),NN15 6AS,Kettering,52.390259,-0.72347
GB-LCL-A1184,[GB-LCL-A1184] Kettering: St Michaels Road / ACE0241513,Alfen 22kW,Believ (EV),NN15 6AS,Kettering,52.390259,-0.72347
GB-LCL-A1185,[GB-LCL-A1185] Ealing: Foster Road / ACE0422841 / W3 7AL,Alfen 22kW,Believ (EV),W3 7AL,Ealing,51.51412938,-0.25470033
GB-LCL-A1186,[GB-LCL-A1186] Ealing: Foster Road / ACE0422829 / W3 7AL,Alfen 22kW,Believ (EV),W3 7AL,Ealing,51.51412938,-0.25470033
GB-LCL-A1188,[GB-LCL-A1188] Ealing: Dudley Road / ACE0422838 / UB2 5AR,Alfen 22kW,Believ (EV),UB2 5AR,Ealing,51.50236927,-0.38591657
GB-LCL-A1190,[GB-LCL-A1190] Ealing: 126 Horn Lane / ACE0422839 / W3 6PA,Alfen 22kW,Believ (EV),W3 6PA,Ealing,51.51355,-0.26967
GB-LCL-A1191,[GB-LCL-A1191] Hammersmith & Fulham: Lettice Street / ACE0158145 / SW6 4EH,Alfen 22kW,Believ (EV),SW6 4EH,Hammersmith & Fulham,51.47390079,-0.20518293
GB-LCL-A1192,[GB-LCL-A1192] Waltham Forest: The Drive / ACE0261315 / E17 3BN,Alfen 22kW,Believ (EV),E17 3BN,Waltham Forest,51.587626,-0.01276
GB-LCL-A1193,[GB-LCL-A1193] Waltham Forest: Jesse Road / ACE0189172 / E10 6NN,Alfen 22kW,Believ (EV),E10 6NN,Waltham Forest,51.565982,-0.010058
GB-LCL-A1194,[GB-LCL-A1194] Ealing: King Edwards Gardens,Alfen 22kW,Believ (EV),W3 9RF,Ealing,51.50849449,-0.28229445
GB-LCL-A1195,[GB-LCL-A1195] Hammersmith & Fulham: Ranelagh Gardens / ACE0422348 / SW6 3UT,Alfen 22kW,Believ (EV),SW6 3UT,Hammersmith & Fulham,51.46768437,-0.20764249
GB-LCL-A1199,[GB-LCL-A1199] Redbridge: Eton Road / ACE0493460 / IG1 2UE,Alfen 22kW,Believ (EV),IG1 2UE,Redbridge,51.54997768,0.07863988
GB-LCL-A1200,[GB-LCL-A1200] Redbridge: Harrow Road / Side off 1 Staines Road / ACE0493490 / IG1 2XA,Alfen 22kW,Believ (EV),IG1 2XA,Redbridge,51.550205,0.081925
GB-LCL-A1202,[GB-LCL-A1202] Weekley Glebe Road,Alfen 22kW,Believ (EV),NN16 9NP,Northamptonshire North,52.411769,-0.709667
GB-LCL-A1203,[GB-LCL-A1203] Weekley Glebe Road,Alfen 22kW,Believ (EV),NN16 9NP,Northamptonshire North,52.411769,-0.709667
GB-LCL-A1204,[GB-LCL-A1204] Redbridge: Ray Lodge Road 1  / ACE0493485 / IG8 7PB,Alfen 22kW,Believ (EV),IG8 7PB,Redbridge,51.607667,0.041699
GB-LCL-A1205,[GB-LCL-A1205] Alma Road - Co-Build,Alfen 22kW,Believ (EV),UB1 1PD,Ealing,51.514746,-0.385988
GB-LCL-A1205,[GB-LCL-A1205] Alma Road - Co-Build,Alfen 22kW,Believ (EV),UB1 1PD,Ealing,51.514746,-0.385988
GB-LCL-A1205,[GB-LCL-A1205] Ealing: Alma Road - Co-Build / ACE0422877 / UB1 1PD,Alfen 22kW,Believ (EV),UB1 1PD,Ealing,51.514746,-0.385988
GB-LCL-A1206,[GB-LCL-A1206] Ealing: Fermoy Road / ACE0422866 / UB6 9HX,Alfen 22kW,Believ (EV),UB6 9HX,Ealing,51.525734,-0.361939
GB-LCL-A1207,[GB-LCL-A1207] Ealing: Fermoy Road / ACE0422870 / UB6 9HX,Alfen 22kW,Believ (EV),UB6 9HX,Ealing,51.525734,-0.361939
GB-LCL-A1208,[GB-LCL-A1208] Alma Road - Co-Build,Alfen 22kW,Believ (EV),UB1 1PD,Ealing,51.514746,-0.385988
GB-LCL-A1208,[GB-LCL-A1208] Alma Road - Co-Build,Alfen 22kW,Believ (EV),UB1 1PD,Ealing,51.514746,-0.385988
GB-LCL-A1208,[GB-LCL-A1208] Ealing: Alma Road - Co-Build / ACE0422543 / UB1 1PD,Alfen 22kW,Believ (EV),UB1 1PD,Ealing,51.514746,-0.385988
GB-LCL-A1209,[GB-LCL-A1209] Ealing: Dudley Road / ACE0422894 / UB2 5AR,,Believ (EV),UB2 5AR,Ealing,51.50236927,-0.38591657
GB-LCL-A1210,[GB-LCL-A1210] Croydon: Leslie Park Road / ACE0493429 / CR0 6UW,,Believ (EV),CR0 6UW,Croydon,51.379331,-0.085511
GB-LCL-A1211,[GB-LCL-A1211] Ealing: Horsenden Lane North / ACE0422905 / UB6 0JN,Alfen 22kW,Believ (EV),UB6 0JN,Ealing,51.55081,-0.33836
GB-LCL-A1212,[GB-LCL-A1212] Ealing: Horsenden Lane North / ACE0422883 / UB6 0JN,Alfen 22kW,Believ (EV),UB6 0JN,Ealing,51.55081,-0.33836
GB-LCL-A1214,[GB-LCL-A1214] Aldriche Way,Alfen 22kW,Believ (EV),E4 9LX,Waltham Forest,51.607561,-0.006349
GB-LCL-A1214,[GB-LCL-A1214] Aldriche Way,Alfen 22kW,Believ (EV),E4 9LX,Waltham Forest,51.607561,-0.006349
GB-LCL-A1214,[GB-LCL-A1214] Waltham Forest: Aldriche Way,Alfen 22kW,Believ (EV),E4 9LX,Waltham Forest,51.607561,-0.006349
GB-LCL-A1216,[GB-LCL-A1216] Ealing: Francis Road / side of 9 Sarsfield Road / ACE0422895 / UB6 7AD,Alfen 22kW,Believ (EV),UB6 7AD,Ealing,51.537949,-0.314403
GB-LCL-A1219,[GB-LCL-A1219] Ealing: Jenner Avenue / ACE0422730 / W3 6TA,Alfen 22kW,Believ (EV),W3 6TA,Ealing,51.520366,-0.259515
GB-LCL-A1220,[GB-LCL-A1220] Ealing: Jenner Avenue / ACE0422769,Alfen 22kW,Believ (EV),W3 6TA,Ealing,51.520366,-0.259515
GB-LCL-A1221,[GB-LCL-A1221] 129 Harcourt Road,Alfen 22kW,Believ (EV),E15 3DX,Newham,51.530838,0.011341
GB-LCL-A1222,[GB-LCL-A1222] Newham: 81 Creighton Avenue / ACE0422869 / E6 3DT,Alfen 22kW,Believ (EV),E6 3DT,Newham,51.528678,0.04181
GB-LCL-A1223,[GB-LCL-A1223] Ealing: Montague Road / ACE0422746,"Alfen 22kW

",Believ (EV),W7 3PE,Ealing,51.50566608,-0.33334018
GB-LCL-A1224,[GB-LCL-A1224] Ealing: Montague Avenue / ACE0422754 / W7 3PE,Alfen 22kW,Believ (EV),W7 3PE,Ealing,51.505648,0.333378
GB-LCL-A1225,[GB-LCL-A1225] Newham: Daines Close / ACE0422798 / E12 5LQ,Alfen 22kW,Believ (EV),E12 5LQ,Newham,51.555776,0.060074
GB-LCL-A1226,[GB-LCL-A1226] Newham: Daines Close / ACE0422743 / E12 5LQ,Alfen 22kW,Believ (EV),E12 5LQ,Newham,51.555776,0.060074
GB-LCL-A1227,[GB-LCL-A1227] Newham: 3 May Road / ACE0422740 / E13 0RY,Alfen 22kW,Believ (EV),E13 0RY,Newham,51.53189318,0.0241741
GB-LCL-A1228,[GB-LCL-A1228] Newham: 3 May Road / ACE0422797 / E13 0RY,Alfen 22kW,Believ (EV),E13 0RY,Newham,51.531859,0.024437
GB-LCL-A1229,[GB-LCL-A1229] Bisterne Avenue,Alfen 22kW,Believ (EV),E17 3QG,Waltham Forest,51.588101,0.003575
GB-LCL-A1229,[GB-LCL-A1229] Bisterne Avenue,Alfen 22kW,Believ (EV),E17 3QG,Waltham Forest,51.588101,0.003575
GB-LCL-A1229,[GB-LCL-A1229] Waltham Forest: Bisterne Avenue,Alfen 22kW,Believ (EV),E17 3QG,Waltham Forest,51.588101,0.003575
GB-LCL-A1230,[GB-LCL-A1230] Bisterne Avenue,Alfen 22kW,Believ (EV),E17 3QG,Waltham Forest,51.588101,0.003575
GB-LCL-A1230,[GB-LCL-A1230] Bisterne Avenue,Alfen 22kW,Believ (EV),E17 3QG,Waltham Forest,51.588101,0.003575
GB-LCL-A1230,[GB-LCL-A1230] Waltham Forest: Bisterne Avenue,Alfen 22kW,Believ (EV),E17 3QG,Waltham Forest,51.588101,0.003575
GB-LCL-A1233,[GB-LCL-A1233] Newham: Howards Road / ACE0493335 / E13 8AG,Alfen 22kW,Believ (EV),E13 8AG,Newham,51.52740566,0.02195866
GB-LCL-A1234,[GB-LCL-A1234] Newham: Howards Road / ACE0493320 / E13 8AG,Alfen 22kW,Believ (EV),E13 8AG,Newham,51.52740566,0.02195866
GB-LCL-A1235,[GB-LCL-A1235] Waltham Forest: Langthorne Road / ACE0189174 / E11 4HS,Alfen 22kW,Believ (EV),E11 4HS,Waltham Forest,51.556661,-0.002175
GB-LCL-A1236,[GB-LCL-A1236] Waltham Forest: 2 Manor Road / ACE0422380 / E17 5RY,Alfen 22kW,Believ (EV),E17 5RY,Waltham Forest,51.59646,-0.034803
GB-LCL-A1237,[GB-LCL-A1237] Cairo Road,Alfen 22kW,Believ (EV),E17 3BB,Waltham Forest,51.586479,-0.017069
GB-LCL-A1237,[GB-LCL-A1237] Cairo Road,Alfen 22kW,Believ (EV),E17 3BB,Waltham Forest,51.586479,-0.017069
GB-LCL-A1237,[GB-LCL-A1237] Waltham Forest: Cairo Road,Alfen 22kW,Believ (EV),E17 3BB,Waltham Forest,51.586479,-0.017069
GB-LCL-A1238,[GB-LCL-A1238] Redbridge - Uber: Roding Lane North,,Believ (EV),IG8 8LL,Redbridge - Uber,,
GB-LCL-A1239,"[GB-LCL-A1239] Waltham Forest: Gosport Road, Markhouse / ACE0493472 / E17 7NZ",,Believ (EV),E17 7NZ,Waltham Forest,51.58115101,-0.02744172
GB-LCL-A1240,[GB-LCL-A1240] Newham: 74 Tollgate Road / ACE0189345 / E16 3LA,,Believ (EV),E16 3LA,Newham,51.51690542,0.0361736
GB-LCL-A1241,[GB-LCL-A1241] Redbridge: Perth Road / ACE0241546 / IG2 6DZ,,Believ (EV),IG2 6DZ,Redbridge,51.571847,0.07546485
GB-LCL-A1341,[GB-LCL-A1341] Ealing: 55 Eskdale Avenue / ACE0422770 / UB5 5DL,Alfen 22kW,Believ (EV),UB5 5DL,Ealing,51.542132,-0.372463
GB-LCL-A1400,[GB-LCL-A1400] Waltham Forest: Gloucester Road / ACE0493418 / E17 6AD,Alfen 22kW,Believ (EV),E17 6AD,Waltham Forest,51.59563205,-0.04076118
GB-LCL-A1401,[GB-LCL-A1401] Gloucester Road,Alfen 22kW,Believ (EV),E17 6AD,Waltham Forest,51.59563205,-0.04076118
GB-LCL-A1402,[GB-LCL-A1402] Beech Hall Road,Alfen 22kW,Believ (EV),E4 9NN,Waltham Forest,51.60112534,-0.00150782
GB-LCL-A1402,[GB-LCL-A1402] Waltham Forest: Beech Hall Road,Alfen 22kW,Believ (EV),E4 9NN,Waltham Forest,51.60112534,-0.00150782
GB-LCL-A1402,[GB-LCL-A1402] Waltham Forest: Beech Hall Road / ACE0422747,Alfen 22kW,Believ (EV),E4 9NN,Waltham Forest,51.60112534,-0.00150782
GB-LCL-A1403,[GB-LCL-A1403] Hurst Avenue,Alfen 22kW,Believ (EV),E4 8DP,Waltham Forest,51.618416,-0.01924
GB-LCL-A1426,[GB-LCL-A1426] Aldriche Way,Alfen 22kW,Believ (EV),E4 9LX,Waltham Forest,51.607561,-0.006349
GB-LCL-A1426,[GB-LCL-A1426] Aldriche Way,Alfen 22kW,Believ (EV),E4 9LX,Waltham Forest,51.607561,-0.006349
GB-LCL-A1426,[GB-LCL-A1426] Waltham Forest: Aldriche Way,Alfen 22kW,Believ (EV),E4 9LX,Waltham Forest,51.607561,-0.006349
GB-LCL-A1427,[GB-LCL-A1427] Croydon: 112 Kilmartin Road / ACE0493428 / SW16 4RE,"Alfen 7kW
",Believ (EV),SW16 4RE,Croydon,51.404618,-0.11238569
GB-LCL-A1436,[GB-LCL-A1436] Gosport: No. 2 Battery West Car Park - Rapid CPs / Stokes Bay Road / veefil-602200560 / PO12 2QX,,Believ (EV),PO12 2QX,Gosport,50.78646,-1.16816
GB-LCL-A1437,[GB-LCL-A1437] Wellingborough: Church Street / veefil-602200568 / NN8 4PA,,Believ (EV),NN8 4PA,Wellingborough,52.30265794,-0.69442819
GB-LCL-A1439,[GB-LCL-A1439] Telford: Wrekin Road Car Park / Wrekin Rd / ACE0422547 / TF1 1RH,,Believ (EV),TF1 1RH,Telford,52.69809736,-2.51935875
GB-LCL-A1440,[GB-LCL-A1440] Telford: Wrekin Road Car Park / Wrekin Rd / ACE0422560 / TF1 1RH,,Believ (EV),TF1 1RH,Telford,52.69809985,-2.51936042
GB-LCL-A1441,[GB-LCL-A1441] Telford: Wrekin Road Car Park / Wrekin Rd / ACE0422557 / TF1 1RH,,Believ (EV),TF1 1RH,Telford,52.69810632,-2.51935478
GB-LCL-A1444,[GB-LCL-A1444] Telford: Wellington Civic and Leisure Centre Car Park / Larkin Way Tan Bank / TF1 1QZ / ACE0421879,"Alfen - 1PH2CB - 7kW

,",Believ (EV),TF1 1QZ,Telford,52.69887243,-2.51994211
GB-LCL-A1449,[GB-LCL-A1449] Telford: Newport Car Park / New Street / ACE0422559 / TF10 7AX,,Believ (EV),TF10 7AX,Telford,52.768567,-2.380271
GB-LCL-A1450,[GB-LCL-A1450] Shropshire: New Street / Newport Car Park / ACE0422556 / TF10 7AX,,Believ (EV),TF10 7AX,Shropshire,52.768567,-2.380271
GB-LCL-A1451,[GB-LCL-A1451] Telford: Wrekin Road Car Park / Wrekin Rd / ACE0422563 / TF1 1RH,,Believ (EV),TF1 1RH,Telford,52.69813022,-2.51936194
GB-LCL-A1452,[GB-LCL-A1452] Telford: George Street Car Park / veefil-62200571 / TF4 3AA,,Believ (EV),TF4 3AA,Telford,52.66387,-2.46969
GB-LCL-A1453,[GB-LCL-A1453] Telford: Stafford Street Long Stay Car Park / Stafford Street / ACE0421870,,Believ (EV),TF10 7AT,Telford,52.76932901,-2.37564339
GB-LCL-A1454,[GB-LCL-A1454] Telford: George Street Car Park / George St / ACE0421875 / TF4 2ET,,Believ (EV),TF4 2ET,Telford,52.66373807,-2.46922833
GB-LCL-A1460,[GB-LCL-A1460] Telford: Wellington Civic & Leisure Centre / Wrekin Road / TF1 1LX,,Believ (EV),TF1 1LX,Telford,52.6987867,-2.51987615
GB-LCL-A1462,[GB-LCL-A1462] Newport : Stafford Street / Veefil-602200556 / TF10 7TL,Tritium 50kW,Believ (EV),TF10 7TL,Newport ,52.769208,-2.375826
GB-LCL-A1463,[GB-LCL-A1463] Telford: George Street Car Park / George St / ACE0421864 / TF4 2ET,"George St, Telford TF4 2ET",Believ (EV),TF4 2ET,Telford,52.663734,-2.46922565
GB-LCL-A1465,[GB-LCL-A1465] Telford: George Street Car Park / George St / ACE0421876 / TF4 2ET,,Believ (EV),TF4 2ET,Telford,52.66373888,-2.46922833
GB-LCL-A1600,[GB-LCL-A1600] Somersham: 55 Parkhall Road / ACE0422827 / PE28 3HE,Alfen 22kW,Believ (EV),PE28 3HE,Somersham,52.38714591,0.00080795
GB-LCL-A1890,[GB-LCL-A1890] Roundhill Road,Alfen 22kW,Believ (EV),NN15 6BU,Northamptonshire North,52.390695,-0.725101
GB-LCL-A1891,[GB-LCL-A1891] Roundhill Road,Alfen 22kW,Believ (EV),NN15 6BU,Northamptonshire North,52.390695,-0.725101
GB-LCL-A1892,[GB-LCL-A1892] Ashurst Drive / Opposite No. 234,Alfen 22kW,Believ (EV),IG6 1EW,Redbridge,51.583675,0.08225
GB-LCL-A1892,[GB-LCL-A1892] Redbridge: Ashurst Drive / Opposite No. 234,Alfen 22kW,Believ (EV),IG6 1EW,Redbridge,51.583675,0.08225
GB-LCL-A1892,[GB-LCL-A1892] Redbridge: Ashurst Drive / Opposite No. 234 / ACE0493425 / IG6 1EW,Alfen 22kW,Believ (EV),IG6 1EW,Redbridge,51.583675,0.08225
GB-LCL-A1893,[GB-LCL-A1893] Albert Avenue,Alfen 22kW,Believ (EV),E4 8LG,Waltham Forest,51.6157703,-0.01774348
GB-LCL-A1893,[GB-LCL-A1893] Albert Avenue,Alfen 22kW,Believ (EV),E4 8LG,Waltham Forest,51.6157703,-0.01774348
GB-LCL-A1893,[GB-LCL-A1893] Waltham Forest: Albert Avenue / ACE0493444 / E4 8LG,Alfen 22kW,Believ (EV),E4 8LG,Waltham Forest,51.6157703,-0.01774348
GB-LCL-A1894,[GB-LCL-A1894] Waltham Forest: Exmouth Road / ACE0493420 / E17 7QG,,Believ (EV),E17 7QG,Waltham Forest,51.581071,-0.025025
GB-LCL-A1895,[GB-LCL-A1895] Waltham Forest: Radbourne Crescent / ACE0493406 / E17 3RT,Alfen 22kW,Believ (EV),E17 3RT,Waltham Forest,51.591638,0.000533
GB-LCL-A1896,[GB-LCL-A1896] Waltham Forest: Radbourne Crescent / ACE0493431 / E17 3RT,Alfen 22kW,Believ (EV),E17 3RT,Waltham Forest,51.591638,0.000533
GB-LCL-A1898,[GB-LCL-A1898] Waltham Forest: Sheredan Road / ACE0493427 / E4 9RH,,Believ (EV),E4 9RH,Waltham Forest,51.61248338,0.00839218
GB-LCL-A1899,[GB-LCL-A1899] Waltham Forest: Rochdale Road / ACE0422890 / E17 8JW,,Believ (EV),E17 8JW,Waltham Forest,51.573078,-0.022844
GB-LCL-A1900,[GB-LCL-A1900] Redbridge: Opposite 355 Henley Road / ACE0422899 / IG1 2TH,,Believ (EV),IG1 2TH,Redbridge,51.5540582,0.09287813
GB-LCL-A1901,[GB-LCL-A1901] Redbridge: Henley Road / Side of 15 South Park Road / ACE0422871 / IG1 2TJ,,Believ (EV),IG1 2TJ,Redbridge,51.55399053,0.09017244
GB-LCL-A1902,[GB-LCL-A1902] Wanstead: Roycroft Close / ACE0422873 / E18 1DR,Alfen 22kW,Believ (EV),E18 1DR,Wanstead,51.597741,0.030905
GB-LCL-A1903,[GB-LCL-A1903] Redbridge: Felbrigge Road / Side of 20 Gartmore Road / ACE0422880,,Believ (EV),IG3 9XQ,Redbridge,51.56318598,0.10367155
GB-LCL-A1905,[GB-LCL-A1905] Ealing: 52 Court Farm Road / ACE0493430 / UB5 5HQ,Alfen 22kW,Believ (EV),UB5 5HQ,Ealing,51.544699,-0.366448
GB-LCL-A1906,[GB-LCL-A1906] Ealing: 52 Court Farm Road / ACE0422878 / UB5 5HQ,Alfen 22kW,Believ (EV),UB5 5HQ,Ealing,51.544699,-0.366448
GB-LCL-A1907,[GB-LCL-A1907] Ealing: Opposite 65 Russell Road / ACE0422872,Alfen 22kW,Believ (EV),UB5 4QS,Ealing,51.557925,-0.352983
GB-LCL-A1908,[GB-LCL-A1908] Ealing: Opposite 65 Russell Road / ACE0422900 / UB5 4QS,Alfen 22kW,Believ (EV),UB5 4QS,Ealing,51.557925,-0.352983
GB-LCL-A1909,[GB-LCL-A1909] Ealing: Reglan Way / ACE0422888 / UB5 4SL,,Believ (EV),UB5 4SL,Ealing,51.54977,-0.35276
GB-LCL-A1911,[GB-LCL-A1911] Ealing: Gurnell Grove / ACE0422887 / W13 0HT,Alfen 22kW,Believ (EV),W13 0HT,Ealing,51.52818,-0.33166
GB-LCL-A1912,[GB-LCL-A1912] Ealing: Gurnell Grove / ACE0422891 / W13 0HT,Alfen 22kW,Believ (EV),W13 0HT,Ealing,51.52818,-0.33166
GB-LCL-A1913,[GB-LCL-A1913] Ealing: 116 Jeymer Drive / ACE0422898 / UB6 8NU,Alfen 22kW,Believ (EV),UB6 8NU,Ealing,51.54078611,-0.35832486
GB-LCL-A1914,[GB-LCL-A1914] Ealing: 116 Jeymer Drive / ACE0422860 / UB6 8NU,Alfen 22kW,Believ (EV),UB6 8NU,Ealing,51.540439,-0.358494
GB-LCL-A1915,[GB-LCL-A1915] Ealing: Mayfield Avenue / ACE0422893 / W13 9SX,Alfen 22kW,Believ (EV),W13 9SX,Ealing,51.50306938,-0.3202798
GB-LCL-A1916,[GB-LCL-A1916] Ealing: Mayfield Avenue / W13 9SX / W13 9SX,Alfen 22kW,Believ (EV),W13 9SX,Ealing,51.50306938,-0.3202798
GB-LCL-A1917,[GB-LCL-A1917] Ealing: 27 Oakfield Gardens / ACE0422865 / UB6 8SD,Alfen 22kW,Believ (EV),UB6 8SD,Ealing,51.529258,-0.349554
GB-LCL-A1918,[GB-LCL-A1918] Ealing: 27 Oakfield Gardens / ACE0422884 / UB6 8SD,Alfen 22kW,Believ (EV),UB6 8SD,Ealing,51.529258,-0.349554
GB-LCL-A1919,[GB-LCL-A1919] Croydon: 137 Sundridge Road / ACE0422570 / CR0 6LZ,Alfen 7kW,Believ (EV),CR0 6LZ,Croydon,51.382083,-0.0769979
GB-LCL-A1920,[GB-LCL-A1920] Croydon: Dornton Road / ACE0422575 / CR2 7DR,,Believ (EV),CR2 7DR,Croydon,51.361455,-0.090375
GB-LCL-A1921,[GB-LCL-A1921] Croydon: 199-209 Hermitage Road / ACE0422567 / SE19 3JU,"Alfen 7kW
",Believ (EV),SE19 3JU,Croydon,51.421786,-0.092043
GB-LCL-A1922,[GB-LCL-A1922] Newham: 171 Chandos Road / ACE0493449 / E15 1TX,Alfen 22kW,Believ (EV),E15 1TX,Newham,51.550212,-0.003035
GB-LCL-A1923,[GB-LCL-A1923] Newham: 171 Chandos Road / ACE0493315 / E15 1TX,Alfen 22kW,Believ (EV),E15 1TX,Newham,51.550212,-0.003035
GB-LCL-A1924,[GB-LCL-A1924] Byron Avenue,Alfen 22kW,Believ (EV),E12 6RB,Newham,51.54312345,0.05510894
GB-LCL-A1924,[GB-LCL-A1924] Newham: Byron Avenue,Alfen 22kW,Believ (EV),E12 6RB,Newham,51.54312345,0.05510894
GB-LCL-A1924,[GB-LCL-A1924] Newham: Byron Avenue / ACE0493316 / E12 6RB,Alfen 22kW,Believ (EV),E12 6RB,Newham,51.54312345,0.05510894
GB-LCL-A1925,[GB-LCL-A1925] Byron Avenue,Alfen 22kW,Believ (EV),E12 6RB,Newham,51.54312345,0.05510894
GB-LCL-A1925,[GB-LCL-A1925] Newham: Byron Avenue,Alfen 22kW,Believ (EV),E12 6RB,Newham,51.54312345,0.05510894
GB-LCL-A1925,[GB-LCL-A1925] Newham: Byron Avenue / ACE0493337 / E12 6RB,Alfen 22kW,Believ (EV),E12 6RB,Newham,51.54312345,0.05510894
GB-LCL-A1927,[GB-LCL-A1927] Richmond: Friars Lane Car Park A / ACE0422879 / TW9 1NL,Alfen 22kW,Believ (EV),TW9 1NL,Richmond,51.459664,-0.30890331
GB-LCL-A1928,[GB-LCL-A1928] Newham: O/S 82 Lucas Avenue / ACE0422564 / E13 0SG,Etrel 22kW,Believ (EV),E13 0SG,Newham,51.53509561,0.03132683
GB-LCL-A1929,[GB-LCL-A1929] Croydon: 39A Woodville Road / ACE0422569 / CR7 8LN,"Alfen 7kW
",Believ (EV),CR7 8LN,Croydon,51.400291,-0.096671
GB-LCL-A1932,[GB-LCL-A1932] Newham: Opposite 67 Essex Road / ACE0493404 / E12 6QX,Alfen 22kW,Believ (EV),E12 6QX,Newham,51.545688,0.053095
GB-LCL-A1933,[GB-LCL-A1933] Newham: 20 Litchfield Avenue / ACE0493123 / E15 4LN,Alfen 22kW,Believ (EV),E15 4LN,Newham,51.543013,0.005923
GB-LCL-A1934,[GB-LCL-A1934] Hammersmith & Fulham: Opposite 103 Greyhound Road / ACE0189331 / W6 8qt,,Believ (EV),W6 8qt,Hammersmith & Fulham,51.48569954,-0.21576507
GB-LCL-A1935,[GB-LCL-A1935] Gosport: No. 2 Battery West Car Park - Rapid CPs / Stokes Bay Road / ACE0493314 / PO12 2QX,,Believ (EV),PO12 2QX,Gosport,50.78646,-1.16816
GB-LCL-A1936,[GB-LCL-A1936] Gosport: No. 2 Battery West Car Park - Rapid CPs / Stokes Bay Road / ACE0493478 /  PO12 2QX,,Believ (EV),PO12 2QX,Gosport,50.78646,-1.16816
GB-LCL-A1937,[GB-LCL-A1937] Harefield: The Lodge / Rickmansworth Road / ACE0422562 / UB9 6JX,,Believ (EV),UB9 6JX,Harefield,51.60886611,-0.47913242
GB-LCL-A1938,[GB-LCL-A1938] Gosport: Beach Road Car Park / ACE0493336,,Believ (EV),PO13 9FR,Gosport,50.79987681,-1.20188272
GB-LCL-A1939,[GB-LCL-A1939] Telford: Wellington Civic & Leisure Centre / Wrekin Road / ACE0421874 / TF1 1LX,,Believ (EV),TF1 1LX,Telford,52.69878891,-2.51989528
GB-LCL-A1942,[GB-LCL-A1942] Telford: Naylors Row Car Park / ACE0422561 / TF1 1PY,,Believ (EV),TF1 1PY,Telford,52.70069769,-2.5157931
GB-LCL-A1943,[GB-LCL-A1943] Telford: Naylors Row Car Park / TF1 1PY,,Believ (EV),TF1 1PY,Telford,,
GB-LCL-A1944,[GB-LCL-A1944] Telford: Naylors Row Car Park / ACE0422546 / TF1 1PY,,Believ (EV),TF1 1PY,Telford,52.70067168,-2.51557852
GB-LCL-A1945,[GB-LCL-A1945] London: 4 Farnan Ave / Walthamstow / ACE0493342 / E17 4NX,,Believ (EV),E17 4NX,London,51.590249,-0.015412
GB-LCL-A1973,[GB-LCL-A1973] Waltham Forest: Shernhall Street / ACE0422889 / E17 3HN,,Believ (EV),E17 3HN,Waltham Forest,,
GB-LCL-A1974,[GB-LCL-A1974] Ealing: Oriel Way / ACE0422875 / UB5 4RP,,Believ (EV),UB5 4RP,Ealing,51.54783,-0.35976
GB-LCL-A1975,[GB-LCL-A1975] Newham: Flank wall of Plaistow Library Stirling Road / ACE0493407 / E13 9HN,Alfen 22kW,Believ (EV),E13 9HN,Newham,51.52962022,0.02570029
GB-LCL-A2500,[GB-LCL-A2500] Ealing: Palmerston Road / 24290368 / W3 8FN,Etrel 22kW,Believ (EV),W3 8FN,Ealing,51.501504,-0.271462
GB-LCL-A2507,[GB-LCL-A2507] Newham: Opposite 1 Winifred Street / 24290354 / E16 2HX,Etrel 22kW,Believ (EV),E16 2HX,Newham,51.501082,0.055519
GB-LCL-A2508,[GB-LCL-A2508] Exeter: Zeal Hotels / Babbage Way / 24290388 / EX5 2FN,,Believ (EV),EX5 2FN,Exeter,50.73080856,-3.45577739
GB-LCL-A2509,[GB-LCL-A2509] Newham: 41a Cranmer Road / 24290370 / E7 0JL,Etrel 22kW,Believ (EV),E7 0JL,Newham,51.55309,0.029689
GB-LCL-A2510,[GB-LCL-A2510] Newham: 64A Plashet Grove / 24290444 / E6 1AE,Etrel 22kW,Believ (EV),E6 1AE,Newham,51.536905,0.037352
GB-LCL-A2511,[GB-LCL-A2511] Newham: 64A Plashet Grove / 24290418 / E6 1AE,Etrel 22kW,Believ (EV),E6 1AE,Newham,51.536905,0.037352
GB-LCL-A2512,[GB-LCL-A2512] Newham: Perth Road / 24290366 / E13 9DS,Etrel 22kW,Believ (EV),E13 9DS,Newham,51.52838327,0.02671322
GB-LCL-A2513,[GB-LCL-A2513] Newham: New City Road / 24290443 / E13 9LL,Etrel 22kW,Believ (EV),E13 9LL,Newham,51.527283,0.034908
GB-LCL-A2514,[GB-LCL-A2514] Bridge Street / 3 B874,Etrel 22kW,Believ (EV),KW12 6XY,Halkirk,58.514382,-3.4960642
GB-LCL-A2514,[GB-LCL-A2514] Halkirk: Bridge Street / 3 B874 / 24290369 / KW12 6XY,Etrel 22kW,Believ (EV),KW12 6XY,Halkirk,58.514382,-3.4960642
GB-LCL-A2514,[GB-LCL-A2514] Halkirk: Bridge Street / 3 B874 / KW12 6XY / 24290369,Etrel 22kW,Believ (EV),KW12 6XY,Halkirk,58.514382,-3.4960642
GB-LCL-A2515,[GB-LCL-A2515] Armstrong Road,Etrel 22kW,Believ (EV),W3 7BL,Ealing,51.508485,-0.24795
GB-LCL-A2515,[GB-LCL-A2515] Ealing: Armstrong Road,Etrel 22kW,Believ (EV),W3 7BL,Ealing,51.508485,-0.24795
GB-LCL-A2515,[GB-LCL-A2515] Ealing: Armstrong Road / 24290408 / W3 7BL,Etrel 22kW,Believ (EV),W3 7BL,Ealing,51.508485,-0.24795
GB-LCL-A2516,[GB-LCL-A2516] Waltham Forest: Bourne Road / 24290434 / E11 3NL,"Etrel 22kW
",Believ (EV),E11 3NL,Waltham Forest,51.55696497,0.0159835
GB-LCL-A2519,[GB-LCL-A2519] Newham: Southern Road / 24290405 / E13 9JH,Etrel 22kW,Believ (EV),E13 9JH,Newham,51.530344,0.029452
GB-LCL-A2520,[GB-LCL-A2520] Newham: 11 Raymond Road / 24290364 / E13 0SP,Etrel 22kW,Believ (EV),E13 0SP,Newham,51.535817,0.034258
GB-LCL-A2521,[GB-LCL-A2521] Ealing: Palmerston Road / 24290455 / W3 8FN,Etrel 22kW,Believ (EV),W3 8FN,Ealing,51.501504,-0.271462
GB-LCL-A2522,[GB-LCL-A2522] Newham: Perth Road / 24290358 / E13 9DS,Etrel 22kW,Believ (EV),E13 9DS,Newham,51.52838327,0.02671322
GB-LCL-A2523,[GB-LCL-A2523] Exeter: Zeal Hotels / Babbage Way / 24290396 / EX5 2FN,Etrel 22kW,Believ (EV),EX5 2FN,Exeter,50.73080856,-3.45577739
GB-LCL-A2526,[GB-LCL-A2526] Newham: 10 Egham Road / 24290452 / E13 8PD,Etrel 22kW,Believ (EV),E13 8PD,Newham,51.518023,0.03016
GB-LCL-A2527,[GB-LCL-A2527] Newham: 41 Butchers Road / 24290445 / E16 1PW,Etrel 22kW,Believ (EV),E16 1PW,Newham,51.5166,0.022993
GB-LCL-A2528,[GB-LCL-A2528] Redbridge: Abbotsford Road / 24290446 / IG3 9SL,Etrel 22kW,Believ (EV),IG3 9SL,Redbridge,51.5604,0.11028
GB-LCL-A2529,[GB-LCL-A2529] Newham: 20 Chadwin Road / 24290381 / E13 8NE,Etrel 22kW,Believ (EV),E13 8NE,Newham,51.51805,0.02523
GB-LCL-A2530,[GB-LCL-A2530] Ealing: Lilliput Avenue / 24290451 / UB5 5PY,Etrel 22kW,Believ (EV),UB5 5PY,Ealing,51.54204,-0.3791
GB-LCL-A2531,[GB-LCL-A2531] Ealing: Lilliput Avenue / 24290349 / UB5 5PY,Etrel 22kW,Believ (EV),UB5 5PY,Ealing,51.54204,-0.3791
GB-LCL-A2532,[GB-LCL-A2532] Newham: 10 Egham Road / 24290377 / E13 8PD,Etrel 22kW,Believ (EV),E13 8PD,Newham,51.518023,0.03016
GB-LCL-A2534,[GB-LCL-A2534] Newham: 11 Raymond Road / 24290384 / E13 0SP,Etrel 22kW,Believ (EV),E13 0SP,Newham,51.535817,0.034258
GB-LCL-A2535,[GB-LCL-A2535] Newham: 2a Michigan Avenue / 24450375 / E12 5JD,Etrel 22kW,Believ (EV),E12 5JD,Newham,51.55339,0.054352
GB-LCL-A2536,[GB-LCL-A2536] Bourne Road,Etrel 22kW,Believ (EV),E11 3NL,Waltham Forest,51.55696497,0.0159835
GB-LCL-A2536,[GB-LCL-A2536] Waltham Forest: Bourne Road,Etrel 22kW,Believ (EV),E11 3NL,Waltham Forest,51.55696497,0.0159835
GB-LCL-A2536,[GB-LCL-A2536] Waltham Forest: Bourne Road / 24290362 / E11 3NL,Etrel 22kW,Believ (EV),E11 3NL,Waltham Forest,51.55696497,0.0159835
GB-LCL-A2537,[GB-LCL-A2537] Waltham Forest: Leyton Grange / 24290412 / E10 5HZ,Etrel 22kW,Believ (EV),E10 5HZ,Waltham Forest,51.565094,-0.018195
GB-LCL-A2538,[GB-LCL-A2538] Exeter: Zeal Hotels / Babbage Way / 24290382 / EX5 2FN,Etrel 22kW,Believ (EV),EX5 2FN,Exeter,50.73080856,-3.45577739
GB-LCL-A2541,[GB-LCL-A2541] Newham: 87 Hartley Avenue / 24290420 / E6 1NU,Etrel 22kW,Believ (EV),E6 1NU,Newham,51.534108,0.048859
GB-LCL-A2542,[GB-LCL-A2542] Cecil Road,Etrel 22kW,Believ (EV),E13 0ES,Newham,51.536475,0.023347
GB-LCL-A2542,[GB-LCL-A2542] Newham: Cecil Road,Etrel 22kW,Believ (EV),E13 0ES,Newham,51.536475,0.023347
GB-LCL-A2542,[GB-LCL-A2542] Newham: Cecil Road / 24290353 / E13 0ES,Etrel 22kW,Believ (EV),E13 0ES,Newham,51.536475,0.023347
GB-LCL-A2543,[GB-LCL-A2543] Newham: New City Road / 24290410 / E13 9LL,Etrel 22kW,Believ (EV),E13 9LL,Newham,51.527283,0.034908
GB-LCL-A2545,[GB-LCL-A2545] Redbridge: Horn Lane / 24290363 / IG8 9AE,Etrel 22kW,Believ (EV),IG8 9AE,Redbridge,51.606297,0.02465623
GB-LCL-A2546,[GB-LCL-A2546] Brixham Gardens / side of 32 Ashburton Ave,Etrel 22kW,Believ (EV),IG3 9ET,Redbridge,51.54935748,0.09499763
GB-LCL-A2546,[GB-LCL-A2546] Redbridge: Brixham Gardens / side of 32 Ashburton Ave,Etrel 22kW,Believ (EV),IG3 9ET,Redbridge,51.54935748,0.09499763
GB-LCL-A2546,[GB-LCL-A2546] Redbridge: Brixham Gardens / Side of 32 Ashburton Ave / 24290379 / IG3 9ET,Etrel 22kW,Believ (EV),IG3 9ET,Redbridge,51.54935748,0.09499763
GB-LCL-A2547,[GB-LCL-A2547] Redbridge: Opposite 63 Vicarage Lane / 24290380 / IG1 4AL,Etrel 22kW,Believ (EV),IG1 4AL,Redbridge,51.5651,0.090241
GB-LCL-A2548,[GB-LCL-A2548] Newham: St Stephens Road / 24290360,,Believ (EV),E6 1AN,Newham,51.53784871,0.03478201
GB-LCL-A2549,[GB-LCL-A2549] Newham: Wall End Road / Side of 161 Clements Road / 24290448 / E6 2DP,Etrel 22kW,Believ (EV),E6 2DP,Newham,51.538644,0.060719
GB-LCL-A2550,[GB-LCL-A2550] Newham: Southern Road / 24290421 / E13 9JH,,Believ (EV),E13 9JH,Newham,51.530344,0.029452
GB-LCL-A2551,[GB-LCL-A2551] Newham: 56 Becket Avenue / 24290436 / E6 6AF,Etrel 22kW,Believ (EV),E6 6AF,Newham,51.525262,0.062965
GB-LCL-A2553,[GB-LCL-A2553] Redbridge: 105 St Andrews Road / 24290352 / IG1 3PF,Etrel 22kW,Believ (EV),IG1 3PF,Redbridge,51.57015558,0.05776302
GB-LCL-A2556,[GB-LCL-A2556] Newham: 2 Glasgow Road / 24290454 / E13 9HP,Etrel 22kW,Believ (EV),E13 9HP,Newham,51.530519,0.025468
GB-LCL-A2557,[GB-LCL-A2557] Newham: Queensland House / Rymill Street / 24290415 / E16 2LQ,Etrel 22kW,Believ (EV),E16 2LQ,Newham,51.501369,0.06165
GB-LCL-A2558,[GB-LCL-A2558] Newham: Trevelyan Avenue / 24290386 / E12 5PL,Etrel 22kW,Believ (EV),E12 5PL,Newham,51.550569,0.057674
GB-LCL-A2560,[GB-LCL-A2560] Woodford Green: Worcester Crescent / 24290442 / IG8 0JN,Etrel 22kW,Believ (EV),IG8 0JN,Woodford Green,51.61222261,0.03621831
GB-LCL-A2561,[GB-LCL-A2561] Newham: Opposite 2 Gresham Road / 24290350 / E6 6DS,Etrel 22kW,Believ (EV),E6 6DS,Newham,51.527307,0.058532
GB-LCL-A2563,[GB-LCL-A2563] Newham: Opposite 27 William Morley Close / 24290355,,Believ (EV),E6 1QY,Newham,51.534822,0.040229
GB-LCL-A2564,[GB-LCL-A2564] Newham: Opposite 27 William Morley Close / 24290429 / E6 1QY,Etrel 22kW,Believ (EV),E6 1QY,Newham,51.534822,0.040229
GB-LCL-A2565,[GB-LCL-A2565] Ely: Etopia Homes / Clarkes Lane / CB6 3RH / 24290449,Etrel 22kW,Believ (EV),CB6 3RH,Ely,52.35402566,0.1737766
GB-LCL-A2567,[GB-LCL-A2567] Newham: Opposite 52-54 Thackeray Road / 24290392 / E6 3BW,Etrel 22kW,Believ (EV),E6 3BW,Newham,51.52980043,0.04481954
GB-LCL-A2568,[GB-LCL-A2568] Redbridge: Quebec Road / Brisbane Road / 24290416 / IG1 4TU,Etrel 22kW,Believ (EV),IG1 4TU,Redbridge,51.569511,0.07527434
GB-LCL-A2570,[GB-LCL-A2570] Waltham Forest: Leyton Grange / 24290372 / E10 5HZ,Etrel 22kW,Believ (EV),E10 5HZ,Waltham Forest,51.565094,-0.018195
GB-LCL-A2571,[GB-LCL-A2571] Broadmead Road,Etrel 22kW,Believ (EV),IG8 7EH,Redbridge,51.602567,0.034969
GB-LCL-A2571,[GB-LCL-A2571] Redbridge: Broadmead Road,Etrel 22kW,Believ (EV),IG8 7EH,Redbridge,51.602567,0.034969
GB-LCL-A2571,[GB-LCL-A2571] Redbridge: Broadmead Road / 24290441 / IG8 7EH,Etrel 22kW,Believ (EV),IG8 7EH,Redbridge,51.602567,0.034969
GB-LCL-A2572,[GB-LCL-A2572] Newham: Queensland House / Rymill Street / E16 2LQ / 24290403,Etrel 22kW,Believ (EV),E16 2LQ,Newham,51.501369,0.06165
GB-LCL-A2573,[GB-LCL-A2573] Newham: 41 Butchers Road / 24290385 / E16 1PW,Etrel 22kW,Believ (EV),E16 1PW,Newham,51.5166,0.022993
GB-LCL-A2575,[GB-LCL-A2575] Newham: Opposite 1 Kingfisher Street / 24290430 / E6 5JZ,Etrel 22kW,Believ (EV),E6 5JZ,Newham,51.516505,0.050216
GB-LCL-A2576,[GB-LCL-A2576] Newham: 68 Malvern Road / 24290439 / E6 1LT,Etrel 22kW,Believ (EV),E6 1LT,Newham,51.536202,0.049203
GB-LCL-A2577,[GB-LCL-A2577] Newham: 68 Malvern Road / 24290357 / E6 1LT,Etrel 22kW,Believ (EV),E6 1LT,Newham,51.536202,0.049203
GB-LCL-A2578,[GB-LCL-A2578] Newham: 56 Becket Avenue / 24290438 / E6 6AF,Etrel 22kW,Believ (EV),E6 6AF,Newham,51.525262,0.062965
GB-LCL-A2579,[GB-LCL-A2579] Antony Road at the side of 46 Leaver Gardens,Etrel 22kW,Believ (EV),UB6 8HE,Ealing,51.534968,-0.34283
GB-LCL-A2579,[GB-LCL-A2579] Ealing: Antony Road at the side of 46 Leaver Gardens,Etrel 22kW,Believ (EV),UB6 8HE,Ealing,51.534968,-0.34283
GB-LCL-A2579,[GB-LCL-A2579] Ealing: Antony Road at the side of 46 Leaver Gardens / 24290374 / UB6 8HE,Etrel 22kW,Believ (EV),UB6 8HE,Ealing,51.534968,-0.34283
GB-LCL-A2580,[GB-LCL-A2580] Antony Road at the side of 46 Leaver Gardens,Etrel 22kW,Believ (EV),UB6 8HE,Ealing,51.534968,-0.34283
GB-LCL-A2580,[GB-LCL-A2580] Ealing: Antony Road at the side of 46 Leaver Gardens,Etrel 22kW,Believ (EV),UB6 8HE,Ealing,51.534968,-0.34283
GB-LCL-A2580,[GB-LCL-A2580] Ealing: Antony Road at the side of 46 Leaver Gardens / 24290425 / UB6 8HE,Etrel 22kW,Believ (EV),UB6 8HE,Ealing,51.534968,-0.34283
GB-LCL-A2581,[GB-LCL-A2581] Newham: Opposite 2 Gresham Road / 24290423 / E6 6DS,Etrel 22kW,Believ (EV),E6 6DS,Newham,51.527307,0.058532
GB-LCL-A2582,[GB-LCL-A2582] Newham: Opposite 52-54 Thackeray Road / 24290383 / E6 3BW,Etrel 22kW,Believ (EV),E6 3BW,Newham,51.52980043,0.04481954
GB-LCL-A2583,[GB-LCL-A2583] Blenheim Ave / side of 16 Clarence Avenue,Etrel 22kW,Believ (EV),IG2 6JL,Redbridge,51.57537,0.063037
GB-LCL-A2583,[GB-LCL-A2583] Redbridge: Blenheim Ave / side of 16 Clarence Avenue,Etrel 22kW,Believ (EV),IG2 6JL,Redbridge,51.57537,0.063037
GB-LCL-A2583,[GB-LCL-A2583] Redbridge: Blenheim Ave / Side of 16 Clarence Avenue / 24290419 / IG2 6JL,Etrel 22kW,Believ (EV),IG2 6JL,Redbridge,51.57537,0.063037
GB-LCL-A2585,[GB-LCL-A2585] Waltham Forest: Marchant Road / 24290409 / E11 4LA,Etrel 22kW,Believ (EV),E11 4LA,Waltham Forest,51.560669,0.00327
GB-LCL-A2586,[GB-LCL-A2586] Armstrong Road,Etrel 22kW,Believ (EV),W3 7BL,Ealing,51.508485,-0.24795
GB-LCL-A2586,[GB-LCL-A2586] Ealing: Armstrong Road,Etrel 22kW,Believ (EV),W3 7BL,Ealing,51.508485,-0.24795
GB-LCL-A2586,[GB-LCL-A2586] Ealing: Armstrong Road / 24290413 / W3 7BL,Etrel 22kW,Believ (EV),W3 7BL,Ealing,51.508485,-0.24795
GB-LCL-A2587,[GB-LCL-A2587] Bridge Street / 3 B874,Etrel 22kW,Believ (EV),KW12 6XY,Halkirk,58.514382,-3.4960642
GB-LCL-A2587,[GB-LCL-A2587] Halkirk: Bridge Street / 3 B874,Etrel 22kW,Believ (EV),KW12 6XY,Halkirk,58.514382,-3.4960642
GB-LCL-A2587,[GB-LCL-A2587] Halkirk: Bridge Street / 3 B874 / 24290389 / KW12 6XY,Etrel 22kW,Believ (EV),KW12 6XY,Halkirk,58.514382,-3.4960642
GB-LCL-A2588,[GB-LCL-A2588] Newham: St Stephens Road / 24290373 / E6 1AN,Etrel 22kW,Believ (EV),E6 1AN,Newham,51.53785,0.034759
GB-LCL-A2589,[GB-LCL-A2589] Newham: Opposite 1 Winifred Street / 24290426 / E16 2HX,Etrel 22kW,Believ (EV),E16 2HX,Newham,51.501082,0.055519
GB-LCL-A2590,[GB-LCL-A2590] Newham: Cecil Road,Etrel 22kW,Believ (EV),E13 0ES,Newham,51.536475,0.023347
GB-LCL-A2590,[GB-LCL-A2590] Newham: Cecil Road / 24290398 / E13 0ES,Etrel 22kW,Believ (EV),E13 0ES,Newham,51.536475,0.023347
GB-LCL-A2590,[GB-LCL-A2590] Newham: Cecil Road / Believ,Etrel 22kW,Believ (EV),E13 0ES,Newham,51.536475,0.023347
GB-LCL-A2591,[GB-LCL-A2591] Newham: Opposite 4 St Andrews Road / 24290456 / E13 8QD,Etrel 22kW,Believ (EV),E13 8QD,Newham,51.524326,0.026955
GB-LCL-A2592,[GB-LCL-A2592] Newham: 41a Cranmer Road / 24290447 / E7 0JL,Etrel 22kW,Believ (EV),E7 0JL,Newham,51.55309,0.029689
GB-LCL-A2593,[GB-LCL-A2593] Newham: 75 Margery Park Road / 24290404 / E7 9LD,"Etrel 22kW
",Believ (EV),E7 9LD,Newham,51.54182895,0.02014897
GB-LCL-A2594,[GB-LCL-A2594] Newham: 75 Margery Park Road / 24290406 / E7 9LD,Etrel 22kW,Believ (EV),E7 9LD,Newham,51.524501,0.05773
GB-LCL-A2595,[GB-LCL-A2595] Newham: 2 Odessa Road / 24290401 / E7 9BH,Etrel 22kW,Believ (EV),E7 9BH,Newham,51.548991,0.019804
GB-LCL-A2596,[GB-LCL-A2596] Newham: 2 Odessa Road / 24290399 / E7 9BH,Etrel 22kW,Believ (EV),E7 9BH,Newham,51.548991,0.019804
GB-LCL-A2600,[GB-LCL-A2600] Waltham Forest: Marchant Road / 24290450 / E11 4LA,Etrel 22kW,Believ (EV),E11 4LA,Waltham Forest,51.560669,0.00327
GB-LCL-A2620,[GB-LCL-A2620] Exeter: Zeal Hotels / Babbage Way / 1153043 / EX5 2FN,Wallbox Charger - Supernova 150 - 120kw,Believ (EV),EX5 2FN,Exeter,50.73080856,-3.45577739
GB-LCL-A2632,[GB-LCL-A2632] Exeter: Zeal Hotels / Babbage Way / 1153707 / EX5 2FN,Wallbox Supernova 60 kW or Wallbox Supernova 120 kW,Believ (EV),EX5 2FN,Exeter,50.73080856,-3.45577739
GB-LCL-A2663,[GB-LCL-A2663] Bridge Street / 3 B874,Wallbox Supernova 120 kW,Believ (EV),KW12 6XY,Halkirk,58.514382,-3.4960642
GB-LCL-A2663,[GB-LCL-A2663] Halkirk: Bridge Street / 3 B874 / 1153029 / KW12 6XY,Wallbox Supernova 120 kW,Believ (EV),KW12 6XY,Halkirk,58.514382,-3.4960642
GB-LCL-A2663,[GB-LCL-A2663] Halkirk: Bridge Street / 3 B874 / KW12 6XY / 1153029,Wallbox Supernova 120 kW,Believ (EV),KW12 6XY,Halkirk,58.514382,-3.4960642
GB-LCL-A2690,[GB-LCL-A2690] Ealing: Dabbs Hill Lane / 24480123 / UB5 4BZ,Etrel 22kW,Believ (EV),UB5 4BZ,Ealing,51.554095,-0.370856
GB-LCL-A2691,[GB-LCL-A2691] Newham: Opposite 99 Gooseley Lane / 24480178 / E6 6AP,Etrel 22kW,Believ (EV),E6 6AP,Newham,51.52517,0.065953
GB-LCL-A2692,[GB-LCL-A2692] Hartfield: Goods Yard House / Edenbridge Road / veefil-602200571 / TN7 4JG,Wallbox Supernova 60 kW,Believ (EV),TN7 4JG,Hartfield,51.10587023,0.11300089
GB-LCL-A2694,[GB-LCL-A2694] Ealing: Merton Avenue / Side of 716 Whitton Avenue / 24480136 / UB6 0DZ,Etrel 22kW,Believ (EV),UB6 0DZ,Ealing,51.553412,-0.353619
GB-LCL-A2694,[GB-LCL-A2694] Gosport: No. 2 Battery West Car Park - Rapid CPs,Tritium 50kW,Believ (EV),PO12 2QX,Gosport,50.78646,-1.16816
GB-LCL-A2694,[GB-LCL-A2694A] No. 2 Battery West Car Park - Rapid CPs,Tritium 50kW,Believ (EV),PO12 2QX,Gosport,50.78646,-1.16816
GB-LCL-A2695,[GB-LCL-A2695] Richmond: Friars Lane Car Park A / Friars Lane / Veefil-602200585 / TW9 1NL,Tritium 50kW,Believ (EV),TW9 1NL,Richmond,51.459664,-0.30890331
GB-LCL-A2696,[GB-LCL-A2696] Gosport: No. 2 Battery West Car Park - Rapid CPs / Stokes Bay Road / veefil-602200578 / PO12 2QX,Tritium 50kW,Believ (EV),PO12 2QX,Gosport,50.78646,-1.16816
GB-LCL-A2697,[GB-LCL-A2697] Ealing: Outside 263 Northfield Avenue / veefil-602200584 / W5 4UA,Tritium 50kW,Believ (EV),W5 4UA,Ealing,51.49838,-0.313778
GB-LCL-A2698,[GB-LCL-A2698] East Ham: 12 Holloway Road / 24480192 / E6 3PE,"Etrel 22kW
",Believ (EV),E6 3PE,East Ham,51.52459016,0.0581275
GB-LCL-A2699,[GB-LCL-A2699] Telford: Manse Road Car Park / TF1 5NH,,Believ (EV),TF1 5NH,Telford,52.70495798,-2.48482964
GB-LCL-A2701,[GB-LCL-A2701] Ealing: Ramillies Road / 24480118 / W4 1JN,,Believ (EV),W4 1JN,Ealing,51.4973465,-0.26096312
GB-LCL-A2702,[GB-LCL-A2702] Newham: Newhaven Lane / 24450373 / E16 4AR,Etrel 22kW,Believ (EV),E16 4AR,Newham,51.51917322,0.01946425
GB-LCL-A2705,[GB-LCL-A2705] Newham: Plymouth Road / 24480176 / E16 1PA,Etrel 22kW,Believ (EV),E16 1PA,Newham,51.514699,0.01976317
GB-LCL-A2708,[GB-LCL-A2708] Newham: Grange Road / 24480194 / E13 0EE,,Believ (EV),E13 0EE,Newham,51.524987,0.023037
GB-LCL-A2709,[GB-LCL-A2709] Telford: Victoria Park Car Park / Water Ln / ACE0422573 / TF10 7LD,,Believ (EV),TF10 7LD,Telford,52.77135648,-2.37935377
GB-LCL-A2710,[GB-LCL-A2710] Newham: Opposite 100 Brampton Road,Etrel 22kW,Believ (EV),E6 3LA,Newham,51.523796,0.045116
GB-LCL-A2711,[GB-LCL-A2711] Telford: Victoria Park Car Park / Water Ln / ACE0422558 / TF10 7LD,,Believ (EV),TF10 7LD,Telford,52.77133958,-2.37935147
GB-LCL-A2712,[GB-LCL-A2712] Honour Lea Ave / Peloton Ave,Etrel 22kW,Believ (EV),E20 1HB,Newham,51.54814,-0.01222
GB-LCL-A2712,[GB-LCL-A2712] Honour Lea Ave / Peloton Ave,Etrel 22kW,Believ (EV),E20 1HB,Newham,51.54814,-0.01222
GB-LCL-A2712,[GB-LCL-A2712] Newham: Honour Lea Ave / Peloton Ave,Etrel 22kW,Believ (EV),E20 1HB,Newham,51.54814,-0.01222
GB-LCL-A2713,[GB-LCL-A2713] Newport: Victoria Park Car Park / 5 Water Ln / ACE0422565,,Believ (EV),TF10 7LD,Newport,52.77132798,-2.37935329
GB-LCL-A2714,[GB-LCL-A2714] Chesley Gardens,Etrel 22kW,Believ (EV),E6 3JB,Newham,51.528535,0.045185
GB-LCL-A2714,[GB-LCL-A2714] Newham: Chesley Gardens / Believ,Etrel 22kW,Believ (EV),E6 3JB,Newham,51.528535,0.045185
GB-LCL-A2714,[GB-LCL-A2714] Newham: Chesley Gardens / E6 3JB,Etrel 22kW,Believ (EV),E6 3JB,Newham,51.528535,0.045185
GB-LCL-A2716,[GB-LCL-A2716] Ealing: St Margarets Road / 24480119 / W7 2LJ,Etrel 22kW,Believ (EV),W7 2LJ,Ealing,51.50199643,-0.33802089
GB-LCL-A2717,[GB-LCL-A2717] Ealing: The Ridings / 24480141 / W5 3DR,Etrel 22kW,Believ (EV),W5 3DR,Ealing,51.527466,-0.292023
GB-LCL-A2720,[GB-LCL-A2720] Kettering: Bridge Street / veefil-602200583 / NN14 4JP,"Tritium 50kW
",Believ (EV),NN14 4JP,Kettering,52.396751,-0.541386
GB-LCL-A2721,[GB-LCL-A2721] Kettering: Meadow Road / veefil-602200579 / NN16 8TL,,Believ (EV),NN16 8TL,Kettering,52.39817742,-0.73085569
GB-LCL-A2724,[GB-LCL-A2724] Newham: 48A Clements Rd / 24480159 / E6 2DF,Etrel 22kW,Believ (EV),E6 2DF,Newham,51.53753487,0.05449016
GB-LCL-A2725,[GB-LCL-A2725] Newham: 9 St George's Road / 24480196 / E7 8HU,,Believ (EV),E7 8HU,Newham,51.54199694,0.02930059
GB-LCL-A2726,[GB-LCL-A2726] Telford: The Wharfage / ACE0421868 / TF8 7NH,Alfen 7kW,Believ (EV),TF8 7NH,Telford,52.62964032,-2.49292546
GB-LCL-A2727,[GB-LCL-A2727] Telford: The Wharfage / ACE0421871 / TF8 7NH,Alfen 7kW,Believ (EV),TF8 7NH,Telford,52.62964032,-2.49292546
GB-LCL-A2728,[GB-LCL-A2728] Telford: The Wharfage / ACE0421872 / TF8 7NH,Alfen 7kW,Believ (EV),TF8 7NH,Telford,52.62964032,-2.49292546
GB-LCL-A2729,[GB-LCL-A2729] Newham: Carpenters Road / 24450361 / E15 2HZ,"Etrel 22kW
",Believ (EV),E15 2HZ,Newham,51.53779324,-0.006299
GB-LCL-A2735,[GB-LCL-A2735] Ealing: Merton Avenue / Side of 716 Whitton Avenue / 24480129 / UB6 0DZ,Etrel 22kW,Believ (EV),UB6 0DZ,Ealing,51.553412,-0.353619
GB-LCL-A2739,[GB-LCL-A2739] Ealing: Ramillies Road / W4 1JN,,Believ (EV),W4 1JN,Ealing,51.4973465,-0.26096312
GB-LCL-A2740,[GB-LCL-A2740] Cavendish Avenue,Etrel 22kW,Believ (EV),W13 0JN,Ealing,51.518192,-0.327933
GB-LCL-A2740,[GB-LCL-A2740] Ealing: Cavendish Avenue,Etrel 22kW,Believ (EV),W13 0JN,Ealing,51.518192,-0.327933
GB-LCL-A2740,[GB-LCL-A2740] Ealing: Cavendish Avenue / 24480133 / W13 0JN,Etrel 22kW,Believ (EV),W13 0JN,Ealing,51.518192,-0.327933
GB-LCL-A2742,[GB-LCL-A2742] Leeds: St Paul’s Street / 25260179 / LS1 2QB,Etrel 22kW,Believ (EV),LS1 2QB,Leeds,53.798547,-1.554467
GB-LCL-A2744,[GB-LCL-A2744] Newham: 32 St Quintin Road / 24480195 / E13 9DT,,Believ (EV),E13 9DT,Newham,51.527921,0.029587
GB-LCL-A2746,[GB-LCL-A2746] Newham: 116-82 Mortlake Road / 24480177 / E16 3NX,Etrel 22kW,Believ (EV),E16 3NX,Newham,51.514033,0.026922
GB-LCL-A2748,[GB-LCL-A2748] Cavendish Avenue,Etrel 22kW,Believ (EV),W13 0JN,Ealing,51.518192,-0.327933
GB-LCL-A2748,[GB-LCL-A2748] Ealing: Cavendish Avenue,Etrel 22kW,Believ (EV),W13 0JN,Ealing,51.518192,-0.327933
GB-LCL-A2748,[GB-LCL-A2748] Ealing: Cavendish Avenue / 24480144 / W13 0JN,Etrel 22kW,Believ (EV),W13 0JN,Ealing,51.518192,-0.327933
GB-LCL-A2749,[GB-LCL-A2749] Ealing: Layer Gardens / 24480108 / W3 9PR,Etrel 22kW,Believ (EV),W3 9PR,Ealing,51.512015,-0.28223
GB-LCL-A2751,[GB-LCL-A2751] Ealing: Templeman Road / North Hanwell / 24480153 / W7 1AS,,Believ (EV),W7 1AS,Ealing,51.520929,-0.331963
GB-LCL-A2753,[GB-LCL-A2753] Ealing: King’s Avenue / 24480147 / UB6 9DB,Etrel 22kW,Believ (EV),UB6 9DB,Ealing,51.519334,-0.355003
GB-LCL-A2757,[GB-LCL-A2757] Newham: 16 Reesland Close / 24450327 / E12 6JF,Etrel 22kW,Believ (EV),E12 6JF,Newham,51.545488,0.063887
GB-LCL-A2759,[GB-LCL-A2759] Newham: Newhaven Lane / 24450364 / E16 4AR,Etrel 22kW,Believ (EV),E16 4AR,Newham,51.51917322,0.01946425
GB-LCL-A2760,[GB-LCL-A2760] Newham: Opposite 99 Gooseley Lane / 24480161 / E6 6AP,Etrel 22kW,Believ (EV),E6 6AP,Newham,51.52517,0.065953
GB-LCL-A2761,[GB-LCL-A2761] Newham: 8 Robert Street / 24450386 / E16 2LZ,Etrel 22kW,Believ (EV),E16 2LZ,Newham,51.500728,0.066192
GB-LCL-A2763,[GB-LCL-A2763] Newham: 284 Dersingham Avenue / Little Illford / 24480193 / E12 6JA,,Believ (EV),E12 6JA,Newham,51.547278,0.062711
GB-LCL-A2765,[GB-LCL-A2765] Ealing: Hodder Drive / 24480140 / UB6 8LL,Etrel 22kW,Believ (EV),UB6 8LL,Ealing,51.53494974,-0.33194583
GB-LCL-A2766,[GB-LCL-A2766] Ealing: Julian Avenue / 24480184 / W3 6PS,Etrel 22kW,Believ (EV),W3 6PS,Ealing,51.51335479,-0.27232189
GB-LCL-A2769,[GB-LCL-A2769] Newham: Opposite 41 Whitwell Road / 24450381 / E13 8BP,Etrel 22kW,Believ (EV),E13 8BP,Newham,51.52437537,0.020301
GB-LCL-A2775,[GB-LCL-A2775] East Ham: 71 Hall Road / 24480189 / E6 2NG,Etrel 22kW,Believ (EV),E6 2NG,East Ham,51.535643,0.059191
GB-LCL-A2776,[GB-LCL-A2776] Newham: 3-9 Brydges Road / 24480154 / E15 1NA,Etrel 22kW,Believ (EV),E15 1NA,Newham,51.55031,0.001573
GB-LCL-A2779,[GB-LCL-A2779] Ealing: Melville Avenue / 24480131 / UB6 0LG,Etrel 22kW,Believ (EV),UB6 0LG,Ealing,51.551867,-0.331948
GB-LCL-A2783,[GB-LCL-A2783] 6 Barclay Road,Etrel 22kW,Believ (EV),E13 8SA,Newham,51.519927,0.033825
GB-LCL-A2788,[GB-LCL-A2788] Newham: Opposite 100 Brampton Road / 24480162 / E6 3LA,Etrel 22kW,Believ (EV),E6 3LA,Newham,51.523796,0.045116
GB-LCL-A2792,[GB-LCL-A2792] Ealing: The Ridings / 24480138 / W5 3DR,Etrel 22kW,Believ (EV),W5 3DR,Ealing,51.527466,-0.292023
GB-LCL-A2794,[GB-LCL-A2794] Newham: 73 Ladysmith Avenue / 24450336 / E6 3AP,,Believ (EV),E6 3AP,Newham,51.529902,0.048659
GB-LCL-A2796,[GB-LCL-A2796] Newham: 2a Tunmarsh Lane / 24480151 / E13 9NA,Etrel 22kW,Believ (EV),E13 9NA,Newham,51.52619625,0.03090233
GB-LCL-A2797,[GB-LCL-A2797] Leeds: St Paul’s Street / 25260139 / LS1 2QB,Etrel 22kW,Believ (EV),LS1 2QB,Leeds,53.798547,-1.554467
GB-LCL-A2798,[GB-LCL-A2798] Kettering: Market Hill / 24480132 / NN14 6BX,Etrel 22kW,Believ (EV),NN14 6BX,Kettering,52.422868,-0.799844
GB-LCL-A2799,[GB-LCL-A2799] Newham: 3-9 Brydges Rd / 24450367 / E15 1NA,Etrel 22kW,Believ (EV),E15 1NA,Newham,51.55031,0.001573
GB-LCL-A2800,[GB-LCL-A2800] Redbridge: Clarks Rd / side of 460 High Rd,Etrel 22kW,Believ (EV),IG1 1FY,Redbridge,51.56215,0.08981
GB-LCL-A2800,[GB-LCL-A2800] Redbridge: Clarks Road / side of 460 High Road / 24480113,Etrel 22kW,Believ (EV),IG1 1FY,Redbridge,51.56215,0.08981
GB-LCL-A2800,[GB-LCL-A2800] Redbridge: Clarks Road / Side of 460 High Road / 24480113 / IG1 1FY,Etrel 22kW,Believ (EV),IG1 1FY,Redbridge,51.56215,0.08981
GB-LCL-A2801,[GB-LCL-A2801] Newham: Opposite 41 Whitwell Road / 24450382 / E13 8BP,Etrel 22kW,Believ (EV),E13 8BP,Newham,51.52437537,0.020301
GB-LCL-A2805,[GB-LCL-A2805] Newham: 116-82 Mortlake Road / 24450369 / E16 3NX,Etrel 22kW,Believ (EV),E16 3NX,Newham,51.514033,0.026922
GB-LCL-A2806,[GB-LCL-A2806] Ealing: The Farmlands / 24450371 / UB5 5EY,Etrel 22kW,Believ (EV),UB5 5EY,Ealing,51.547343,-0.370201
GB-LCL-A2809,[GB-LCL-A2809] Newham: Carpenters Road  / 24450354 / E15 2HZ,"Etrel 22kW
",Believ (EV),E15 2HZ,Newham,51.53779324,-0.006299
GB-LCL-A2814,[GB-LCL-A2814] Newham: 38 Chadd Grn / 24480191 / E13 0NJ,Etrel 22kW,Believ (EV),E13 0NJ,Newham,51.533788,0.020626
GB-LCL-A2815,[GB-LCL-A2815] Hartfield: Goods Yard House / Edenbridge Road / 24290371 / TN7 4JG,Etrel 22kW,Believ (EV),TN7 4JG,Hartfield,51.10587023,0.11300089
GB-LCL-A2816,[GB-LCL-A2816] Ealing: Dabbs Hill Lane / 24480137 / UB5 4BZ,Etrel 22kW,Believ (EV),UB5 4BZ,Ealing,51.554095,-0.370856
GB-LCL-A2817,[GB-LCL-A2817] Ealing: St Margarets Road / 24480185 / W7 2LJ,Etrel 22kW,Believ (EV),W7 2LJ,Ealing,51.50199643,-0.33802089
GB-LCL-A2818,[GB-LCL-A2818] Plaistow: Flank wall of 58 CREDON ROAD  / Fawn Road  / 24480157 / E13 9BJ,,Believ (EV),E13 9BJ,Plaistow,51.53116396,0.0335383
GB-LCL-A2821,[GB-LCL-A2821] Ealing: Park View Road / 24480139 / W5 2JB,Etrel 22kW,Believ (EV),W5 2JB,Ealing,51.523922,-0.295911
GB-LCL-A2822,[GB-LCL-A2822] Ealing: Layer Gardens / 24480104 / W3 9PR,Etrel 22kW,Believ (EV),W3 9PR,Ealing,51.512015,-0.28223
GB-LCL-A2824,[GB-LCL-A2824] Kettering: Market Hill / 24480106 / NN14 6BX,Etrel 22kW,Believ (EV),NN14 6BX,Kettering,52.422868,-0.799844
GB-LCL-A2826,[GB-LCL-A2826] Waltham Forest: Rutland Road / 24480114 / E17 8QL,Etrel 22kW,Believ (EV),E17 8QL,Waltham Forest,51.57763308,-0.01982604
GB-LCL-A2828,[GB-LCL-A2828] Forest Gate: 12 Claremont Road / 24450337 / E7 0QP,,Believ (EV),E7 0QP,Forest Gate,51.547987,0.026118
GB-LCL-A2829,[GB-LCL-A2829] Newham: 20 Abbey Road / 24450362 / E15 3LG,"Etrel 22kW
",Believ (EV),E15 3LG,Newham,51.534965,0.006358
GB-LCL-A2838,[GB-LCL-A2838] Newham: Opposite 38 Mill Road / 24450388 / E16 2BE,Etrel 22kW,Believ (EV),E16 2BE,Newham,51.503351,0.027882
GB-LCL-A2840,[GB-LCL-A2840] Redbridge: Marlands Road / side of 1 Claybury Broadway / 24450359 / IG5 0LQ,Etrel 22kW,Believ (EV),IG5 0LQ,Redbridge,51.587738,0.053368
GB-LCL-A2843,[GB-LCL-A2843] Brooklands Drive,Etrel 22kW,Believ (EV),UB6 7AU,Ealing,51.53921909,-0.30725225
GB-LCL-A2843,[GB-LCL-A2843] Ealing: Brooklands Drive,Etrel 22kW,Believ (EV),UB6 7AU,Ealing,51.53921909,-0.30725225
GB-LCL-A2843,[GB-LCL-A2843] Ealing: Brooklands Drive / 24480146 / UB6 7AU,Etrel 22kW,Believ (EV),UB6 7AU,Ealing,51.53921909,-0.30725225
GB-LCL-A2844,[GB-LCL-A2844] Ealing: Melville Avenue / 24480152 / UB6 0LG,Etrel 22kW,Believ (EV),UB6 0LG,Ealing,51.551867,-0.331948
GB-LCL-A2846,[GB-LCL-A2846] Honour Lea Ave / Peloton Ave,Etrel 22kW,Believ (EV),E20 1HB,Newham,51.54814,-0.01222
GB-LCL-A2846,[GB-LCL-A2846] Honour Lea Ave / Peloton Ave,Etrel 22kW,Believ (EV),E20 1HB,Newham,51.54814,-0.01222
GB-LCL-A2846,[GB-LCL-A2846] Newham: Honour Lea Ave / Peloton Ave,Etrel 22kW,Believ (EV),E20 1HB,Newham,51.54814,-0.01222
GB-LCL-A2847,[GB-LCL-A2847] Newham: 8 Robert Street / 24480179 / E16 2LZ,Etrel 22kW,Believ (EV),E16 2LZ,Newham,51.500728,0.066192
GB-LCL-A2853,[GB-LCL-A2853] Redbridge: Side of 2 Copthorne Avenue / 24480183 / IG6 2SQ,Etrel 22kW,Believ (EV),IG6 2SQ,Redbridge,51.60362,0.076911
GB-LCL-A2855,[GB-LCL-A2855] Newham: Opposite 60 Oakfield Road / 24450387 / E6 1LW,Etrel 22kW,Believ (EV),E6 1LW,Newham,51.534851,0.048977
GB-LCL-A2857,[GB-LCL-A2857] Ealing: Park View Road / 24480143 / W5 2JB,Etrel 22kW,Believ (EV),W5 2JB,Ealing,51.523922,-0.295911
GB-LCL-A2859,[GB-LCL-A2859] Newham: Plymouth Road / E16 1PA,Etrel 22kW,Believ (EV),E16 1PA,Newham,51.51548275,0.01979391
GB-LCL-A2862,[GB-LCL-A2862] Chesley Gardens,Etrel 22kW,Believ (EV),E6 3JB,Newham,51.528535,0.045185
GB-LCL-A2862,[GB-LCL-A2862] Newham: Chesley Gardens ,,Believ (EV),E6 3JB,Newham,51.528535,0.045185
GB-LCL-A2865,[GB-LCL-A2865] Newham: 48A Clements Road / 24480160 / E6 2DF,Etrel 22kW,Believ (EV),E6 2DF,Newham,51.53753487,0.05449016
GB-LCL-A2867,[GB-LCL-A2867] Plaistow: 2a Tunmarsh Lane / Plaistow South / 24480122 / E13 9NA,,Believ (EV),E13 9NA,Plaistow,51.52626,0.030982
GB-LCL-A2869,[GB-LCL-A2869] Kettering: Headlands / 24480134 / NN15 6AA,Etrel 22kW,Believ (EV),NN15 6AA,Kettering,52.392904,-0.727621
GB-LCL-A2870,[GB-LCL-A2870] Newham: Opposite 38 Mill Road / 24450357 / E16 2BE,Etrel - Inch DUO - 3PH - BLACK 22kW,Believ (EV),E16 2BE,Newham,,
GB-LCL-A2872,[GB-LCL-A2872] Kettering: Headlands / 24480109 / NN15 6AA,Etrel 22kW,Believ (EV),NN15 6AA,Kettering,52.392904,-0.727621
GB-LCL-A2873,[GB-LCL-A2873] 6 Barclay Road,Etrel 22kW,Believ (EV),E13 8SA,Newham,51.519927,0.033825
GB-LCL-A2875,[GB-LCL-A2875] Ealing: King’s Avenue / 24480148 / UB6 9DB,Etrel 22kW,Believ (EV),UB6 9DB,Ealing,51.519334,-0.355003
GB-LCL-A2879,[GB-LCL-A2879] Ealing: The Farmlands / 24450370 / UB5 5EY,Etrel 22kW,Believ (EV),UB5 5EY,Ealing,51.547343,-0.370201
GB-LCL-A2883,[GB-LCL-A2883] Newham: 20 Abbey Road / 24450365 / E15 3LG,"Etrel 22kW
",Believ (EV),E15 3LG,Newham,51.534965,0.006358
GB-LCL-A2884,[GB-LCL-A2884] Newham: 2a Michigan Avenue / GB-LCL-A2884 / E12 5JD,Etrel 22kW,Believ (EV),E12 5JD,Newham,51.55353606,0.05433165
GB-LCL-A2885,[GB-LCL-A2885] Newham: Opposite 37 Meanley Road / 24450360 / E12 6AP,Etrel 22kW,Believ (EV),E12 6AP,Newham,51.550373,0.050881
GB-LCL-A2887,[GB-LCL-A2887] Newham: Opposite 37 Meanley Road / 24450372 / E12 6AP,Etrel 22kW,Believ (EV),E12 6AP,Newham,51.550373,0.050881
GB-LCL-A2901,[GB-LCL-A2901] Newham: Bisson Road / 24290433 / E15 2RE,Etrel 22kW,Believ (EV),E15 2RE,Newham,51.532047,-0.007211
GB-LCL-A2914,[GB-LCL-A2914] Ealing: 1 Drayton Road / 24290394,Etrel 22kW,Believ (EV),W13 0LD,Ealing,51.51474825,-0.32336002
GB-LCL-A2935,[GB-LCL-A2935] 2 Alexandra Street / 24450349 / E16 4DU,,Believ (EV),E16 4DU,,51.51948761,0.01695636
GB-LCL-A2960,[GB-LCL-A2960] Newham: Lincoln Road  / Flank of 215 Shrewsbury Road / E7 8QH / 24290427,Etrel 22kW,Believ (EV),E7 8QH,Newham,51.54234789,0.04294064
GB-LCL-A2998,[GB-LCL-A2998] Newham: Opposite 23 Milton Avenue / 24450350 / E6 1BG,,Believ (EV),E6 1BG,Newham,51.53923257,0.0494936
GB-LCL-A3014,[GB-LCL-A3014] Ilford: 25 Brancaster Road / 24450342 / E12 5PG,,Believ (EV),E12 5PG,Ilford,51.55093507,0.05959724
GB-LCL-A3054,[GB-LCL-A3054] Nehwam: Bisson Road / 24290376 / E15 2RE,Etrel 22kW,Believ (EV),E15 2RE,Nehwam,51.532047,-0.007211
GB-LCL-A3059,[GB-LCL-A3059] East Ham: 28 Henry Road / FA-00010952,,Believ (EV),E6 3AH,East Ham,51.5310947,0.05220544
GB-LCL-A3097,[GB-LCL-A3097] Sudbury: 13 Bantocks Road / 25260212 / CO10 0RT,,Believ (EV),CO10 0RT,Sudbury,52.055354,0.77910549
GB-LCL-A3239,[GB-LCL-A3239] Aberdeen: South Fornet Estates / Blackburn Business Park / WBX1222848 / AB21 0BU,Supernova 150Kw,Believ (EV),AB21 0BU,Aberdeen,,
GB-LCL-A3240,[GB-LCL-A3240] Aberdeen: South Fornet Estates / Blackburn Business Park / WBX1222678 / AB21 0BU,,Believ (EV),AB21 0BU,Aberdeen,,
GB-LCL-A3241,[GB-LCL-A3241] Aberdeen: South Fornet Estates / Blackburn Business Park / WBX1221420 / AB21 0BU,,Believ (EV),AB21 0BU,Aberdeen,,
GB-LCL-A3242,[GB-LCL-A3242] Aberdeen: South Fornet Estates / Blackburn Business Park,,Believ (EV),AB21 0BU,Aberdeen,57.2040583,-2.30373517
GB-LCL-A3340,[GB-LCL-A3340] Ipswich: Fuschia Lane / 25260204 / IP4 1QB,,Believ (EV),IP4 1QB,Ipswich,52.05329355,1.17936342
GB-LCL-A3390,[GB-LCL-A3390] Kessingland: High Street / 25260129 / NR33 7QG,Errel 22kW,Believ (EV),NR33 7QG,Kessingland,52.42113588,1.71209265
GB-LCL-A3391,[GB-LCL-A3391] Ipswich: Bradley Street / 25260182 / IP2 8DT,Etrel 22kW,Believ (EV),IP2 8DT,Ipswich,52.04789241,1.1526289
GB-LCL-A3392,[GB-LCL-A3392] Kessingland: High Street / 25260131 / NR33 7QG,,Believ (EV),NR33 7QG,Kessingland,52.42113588,1.71209265
GB-LCL-A3393,[GB-LCL-A3393] Ipswich: Palmerston Road / 25260170 / IP4 2PF,Etrel 22kW,Believ (EV),IP4 2PF,Ipswich,52.058609,1.1663934
GB-LCL-A3394,[GB-LCL-A3394] Ipswich: 292 Wherstead Road / 25260201 / IP2 8LE,,Believ (EV),IP2 8LE,Ipswich,52.04166714,1.1525468
GB-LCL-A3395,[GB-LCL-A3395] Bury St Edmunds: Lake Avenue / 25260196 / IP32 6JA,Etrel 22kW,Believ (EV),IP32 6JA,Bury St Edmunds,52.2637004,0.7033776
GB-LCL-A3396,[GB-LCL-A3396] Ipswich: Prospect Road / 25260134 / IP1 2LB,Etrel 22kW,Believ (EV),IP1 2LB,Ipswich,52.0614741,1.13864049
GB-LCL-A3398,[GB-LCL-A3398] Ipswich: Wilberforce Street / 25260149 / IP1 2HE,Etrel 22kW,Believ (EV),IP1 2HE,Ipswich,52.06121451,1.1419375
GB-LCL-A3400,[GB-LCL-A3400] Ipswich: 118 Wherstead Road / 24290393 / IP2 8JP,Etrel 22kW,Believ (EV),IP2 8JP,Ipswich,52.04595752,1.15435075
GB-LCL-A3401,[GB-LCL-A3401] Ipswich: Bradley Street / 25260190 / IP2 8DT,Etrel 22kW,Believ (EV),IP2 8DT,Ipswich,52.04791793,1.15265676
GB-LCL-A3402,[GB-LCL-A3402] Ipswich: Prospect Road / 25260188,,Believ (EV),IP1 2LB,Ipswich,52.0614741,1.13864049
GB-LCL-A3407,[GB-LCL-A3407] Bury St Edmunds: Oliver Road / 25260140 / IP33 3JG,Etrel 22kW,Believ (EV),IP33 3JG,Bury St Edmunds,52.248677,0.68149251
GB-LCL-A3408,[GB-LCL-A3408] Bury St Edmunds: Oliver Road / 25260172 / IP33 3JG,Etrel 22kW,Believ (EV),IP33 3JG,Bury St Edmunds,52.24865617,0.68150245
GB-LCL-A3409,[GB-LCL-A3409] Wangford: 23 Millfields / 25260125 / NR34 8RG,Etrel 22kW,Believ (EV),NR34 8RG,Wangford,52.35419122,1.62217883
GB-LCL-A3410,[GB-LCL-A3410] Bury St Edmunds: Steward Road / 25260150 / IP33 2PN,Etrel 22kW,Believ (EV),IP33 2PN,Bury St Edmunds,52.233019,0.72289397
GB-LCL-A3411,[GB-LCL-A3411] Wangford: 23 Millfields / 25260207 / NR34 8RG,Etrel 22kW,Believ (EV),NR34 8RG,Wangford,52.35419122,1.62217883
GB-LCL-A3412,[GB-LCL-A3412] Bury St Edmunds: Cumberland Avenue / 25260173 / IP32 6TG,Etrel 22kW,Believ (EV),IP32 6TG,Bury St Edmunds,52.26441994,0.69809594
GB-LCL-A3442,[GB-LCL-A3442] Sudbury: York Road / 25260152 / CO10 1QH,Etrel 22kW,Believ (EV),CO10 1QH,Sudbury,52.0429402,0.72912289
GB-LCL-A3443,[GB-LCL-A3443] Wilberforce Street / 25260147 / IP1 2HE,Etrel 22kW,Believ (EV),IP1 2HE,,52.06121451,1.1419375
GB-LCL-A3444,[GB-LCL-A3444] Ipswiich: Hartley Street / 25260215 / IP2 8DX,Etrel 22kW,Believ (EV),IP2 8DX,Ipswiich,52.04789713,1.15363838
GB-LCL-A3445,[GB-LCL-A3445] Ipswich: Palmerston Road / 25260171 / IP4 2PF,Etrel 22kW,Believ (EV),IP4 2PF,Ipswich,52.058609,1.1663934
GB-LCL-A3447,[GB-LCL-A3447] Ipswich: 292 Wherstead Road / 25260209 / IP2 8LE,Etel 22kW,Believ (EV),IP2 8LE,Ipswich,52.04170644,1.15247458
GB-LCL-A3448,[GB-LCL-A3448] Ipswich: Kingston Road / 25260168 / IP1 4BB,Etrel 22kW,Believ (EV),IP1 4BB,Ipswich,52.068269,1.130711
GB-LCL-A3449,[GB-LCL-A3449] Sudbury: 24 Churchill Drive / 25260176 / CO10 1NZ,,Believ (EV),CO10 1NZ,Sudbury,52.04993801,0.73063104
GB-LCL-A3450,[GB-LCL-A3450] Ipswich: Bulwer Road / 25260187 / IP1 2HF,Etrel 22kW,Believ (EV),IP1 2HF,Ipswich,52.06134227,1.14098706
GB-LCL-A3451,[GB-LCL-A3451] Bury St Edmunds: Cumberland Avenue / 25260137 / IP32 6TG,,Believ (EV),IP32 6TG,Bury St Edmunds,52.26441994,0.69809594
GB-LCL-A3452,[GB-LCL-A3452] Ipswich: Hartley Street / 25260122,Etrel 22kW,Believ (EV),IP2 8DX,Ipswich,52.04789713,1.15363838
GB-LCL-A3453,[GB-LCL-A3453] Bury St Edmunds: Side of 1 Mayfield Rd / 25260175 / IP33 2TJ,Etrel 22kW,Believ (EV),IP33 2TJ,Bury St Edmunds,52.23073313,0.71930517
GB-LCL-A3454,[GB-LCL-A3454] Bury St Edmunds: Side of 1 Mayfield Road / 25260193,,Believ (EV),IP33 2TJ,Bury St Edmunds,52.23073313,0.71930517
GB-LCL-A3455,[GB-LCL-A3455] Bury St Edmunds: Opposite 17 Thingoe Hill / 25260189 / IP32 6BQ,Etrel  22kW,Believ (EV),IP32 6BQ,Bury St Edmunds,52.25516904,0.71189254
GB-LCL-A3456,[GB-LCL-A3456] Bury St Edmunds: Opposite 17 Thingoe Hill / 25260195 / IP32 6BQ,Etrel  22kW,Believ (EV),IP32 6BQ,Bury St Edmunds,52.25516904,0.71189254
GB-LCL-A3459,[GB-LCL-A3459] Sudbury: 13 Bantocks Road / 25260128 / CO10 0RT,,Believ (EV),CO10 0RT,Sudbury,52.055354,0.77910549
GB-LCL-A3460,[GB-LCL-A3460] Ipswich: Rendlesham Road / 25260136 / IP1 2LT,Etrel 22kW,Believ (EV),IP1 2LT,Ipswich,52.06161159,1.14031199
GB-LCL-A3461,[GB-LCL-A3461] Ipswich: Opposite 19-21 Cavendish St / 25260203 / IP3 8AX,,Believ (EV),IP3 8AX,Ipswich,52.051354,1.16967646
GB-LCL-A3462,[GB-LCL-A3462] Ipswich: Shelley Street / 25260133 / IP2 8DU,Etrel 22kW,Believ (EV),IP2 8DU,Ipswich,52.04837592,1.15278304
GB-LCL-A3463,[GB-LCL-A3463] Ipswich: 118 Wherstead Road / 25260123 / IP2 8JP,Etrel 22kW,Believ (EV),IP2 8JP,Ipswich,52.04587986,1.15443402
GB-LCL-A3464,[GB-LCL-A3464] Ipswich: Bulwer Road / 25260191 / IP1 2HF,Etrel 22kW,Believ (EV),IP1 2HF,Ipswich,52.06134227,1.14098706
GB-LCL-A3465,[GB-LCL-A3465] Ipswich: Black Horse Lane / 25260202 / IP1 3BA,Etrel  22kW,Believ (EV),IP1 3BA,Ipswich,52.05756,1.149391
GB-LCL-A3466,[GB-LCL-A3466] Ipswich: Rope Walk / 25260169 / IP4 1JA,Etrel  22kW,Believ (EV),IP4 1JA,Ipswich,52.055388,1.1604172
GB-LCL-A3467,[GB-LCL-A3467] Ipswich: 25260166 / IP1 4BB,Etrel 22kW,Believ (EV),IP1 4BB,Ipswich,52.068269,1.130711
GB-LCL-A3469,[GB-LCL-A3469] Bury St Edmunds: Bishops Road / 25260194 / IP33 1TH,,Believ (EV),IP33 1TH,Bury St Edmunds,52.24918,0.71115157
GB-LCL-A3470,"[GB-LCL-A3470] Ipswich: Opposite Christchurch House, 43 Fonnereau Road / 25260178 / IP1 3JH",,Believ (EV),IP1 3JH,Ipswich,52.06098603,1.1542694
GB-LCL-A3471,[GB-LCL-A3471] Sudbury: 24 Churchill Drive / 25260126 / CO10 1NZ,Etrel 22kW,Believ (EV),CO10 1NZ,Sudbury,52.04993801,0.73063104
GB-LCL-A3472,"[GB-LCL-A3472] Ipswich: Opposite Christchurch House, 43 Fonnereau Road / 25260177 / IP1 3JH",,Believ (EV),IP1 3JH,Ipswich,52.06098603,1.1542694
GB-LCL-A3473,[GB-LCL-A3473] Leiston: 48 Eastward Ho / 25260130 / IP16 4AY,,Believ (EV),IP16 4AY,Leiston,52.203974,1.580092
GB-LCL-A3474,[GB-LCL-A3474] Ipswich: Rope Walk / 25260167 / IP4 1JA,Etrel  22kW,Believ (EV),IP4 1JA,Ipswich,52.055388,1.1604172
GB-LCL-A3475,[GB-LCL-A3475] Ipswich: Fuschia Lane / 25260208 / IP4 1QB,Etrel  22kW,Believ (EV),IP4 1QB,Ipswich,52.05329355,1.17936342
GB-LCL-A3476,[GB-LCL-A3476] Leiston: 48 Eastward Ho / 25260151 / IP16 4AY,,Believ (EV),IP16 4AY,Leiston,52.203974,1.580092
GB-LCL-A3477,[GB-LCL-A3477] Ipswich: Black Horse Lane / 25260121 / IP1 3BA,,Believ (EV),IP1 3BA,Ipswich,52.05756,1.149391
GB-LCL-A3478,[GB-LCL-A3478] Bury St Edmunds: Chequer Square Car Park / Crown Street / 25260153,Etrel 22kW,Believ (EV),IP33 1QZ,Bury St Edmunds,52.24336858,0.71636916
GB-LCL-A3479,[GB-LCL-A3479] Ipswich : Opposite 19-21 Cavendish Street / 25260132 / IP3 8AX,Etrel  22kW,Believ (EV),IP3 8AX,Ipswich ,52.051354,1.16967646
GB-LCL-A3480,[GB-LCL-A3480] Lowestoft: The Hemplands / 25260216 / NR32 1JN,,Believ (EV),NR32 1JN,Lowestoft,52.483968,1.7543354
GB-LCL-A3485,[GB-LCL-A3485] Bury St Edmunds: Chequer Square Car Park / Crown Street / 25260138 / IP33 1QZ,Etrel 22kW,Believ (EV),IP33 1QZ,Bury St Edmunds,52.24336858,0.71636916
GB-LCL-A3487,[GB-LCL-A3487] Sudbury: York Road / 25260154 / CO10 1QH,Etrel 22kW,Believ (EV),CO10 1QH,Sudbury,52.0429402,0.72912289
GB-LCL-A3488,[GB-LCL-A3488] Lowestoft: The Hemplands / 25260214 / NR32 1JN,,Believ (EV),NR32 1JN,Lowestoft,52.483968,1.7543354
GB-LVL-A3458,[GB-LVL-A3458] Ipswich: Rendlesham Road / 25260186 / IP1 2LT,Etrel 22kW,Believ (EV),IP1 2LT,Ipswich,52.06161159,1.14031199
GB-LCL-A0541,=,Alfen 22kW,Believ (EV),E17 5LQ,Waltham Forest,51.592262,-0.023133
GB-LCL-A0059,GB-LCL-A0059,Alfen 22kW,Believ (EV),W12 0LL,Hammersmith & Fulham,51.5088973,-0.243876
GB-LCL-A0282,GB-LCL-A0282,Alfen 7kW,Believ (EV),SE19 3JU,Croydon,51.421786,-0.092043
GB-LCL-A0284,GB-LCL-A0284,Alfen 7kW,Believ (EV),SE25 5NY,Croydon,51.39168,-0.066843
GB-LCL-A1073,GB-LCL-A1073,Alfen 22kW,Believ (EV),W5 1JE,Ealing,51.528109,-0.295621
Newham: Chesley Gardens,Etrel 22kW,Believ (EV),E6 3JB,Newham,51.528535,0.045185,
Waltham Forest1: Borthwick Road / ACE0422646 / E15 1UD,Alfen 22kW,Believ (EV),E15 1UD,Waltham Forest1,51.551878,0.006077,
Wandsworth: Alderbrook Road / ACE0261256 / SW12 8AF,Alfen 22kW,Believ (EV),SW12 8AF,Wandsworth,51.452612,-0.151499,
Wandsworth: Ashlone Road / Believ,Alfen 22kW,Believ (EV),SW15 1LR,Wandsworth,51.468493,-0.223481,
